outputtimes,rmsx,rmsy,rmsh,rmsz
Wednesday 01-Apr-2020 00:00:00,2.07721113209582,1.87124261207519,3.0360949690684,0.953776128246191
Wednesday 01-Apr-2020 01:00:00,2.0550833965748,1.84845428252985,3.00566621996156,0.988964629993398
Wednesday 01-Apr-2020 02:00:00,2.15929758734489,1.88156654447887,3.10971016114545,0.952075687252931
Wednesday 01-Apr-2020 03:00:00,2.08982076843634,1.8531697907345,3.04262624129546,0.952645471625491
Wednesday 01-Apr-2020 04:00:00,2.20954043675036,1.93310956179788,3.18747688643712,1.03834126872256
Wednesday 01-Apr-2020 05:00:00,2.31583552103003,2.09725053616953,3.4205036017281,1.13642295076723
Wednesday 01-Apr-2020 06:00:00,2.6299207386216,2.48058880268739,3.94145062895322,1.27667966026593
Wednesday 01-Apr-2020 07:00:00,3.23048464369294,2.88639029926081,4.78910528414535,1.59974867577108
Wednesday 01-Apr-2020 08:00:00,3.97563158142309,3.42089238254552,5.84341317656258,1.86529561773497
Wednesday 01-Apr-2020 09:00:00,3.32345539578095,3.06189364185825,5.01709686958256,1.68233942990704
Wednesday 01-Apr-2020 10:00:00,3.89896398063469,3.50709823584133,5.84134128009261,1.97853898316819
Wednesday 01-Apr-2020 11:00:00,3.53638502227769,3.15021486372455,5.29404399248329,1.77767661240875
Wednesday 01-Apr-2020 12:00:00,3.35709458056452,3.07796433467581,5.06214218826197,1.66212841742867
Wednesday 01-Apr-2020 13:00:00,3.62554132376997,3.12036870508042,5.30207497045124,1.80149931868671
Wednesday 01-Apr-2020 14:00:00,3.5297125817497,2.91985998312787,5.07119941815321,1.74379987438145
Wednesday 01-Apr-2020 15:00:00,2.84753869560131,2.46176647402629,4.15503738304624,1.36820558108533
Wednesday 01-Apr-2020 16:00:00,2.68859571810313,2.32801813571709,3.90542989667401,1.24911565127904
Wednesday 01-Apr-2020 17:00:00,2.65605819356943,2.31405961170915,3.86920577449272,1.17744472014222
Wednesday 01-Apr-2020 18:00:00,2.48645495019352,2.12267706033019,3.588252749313,1.12008536067821
Wednesday 01-Apr-2020 19:00:00,2.31534924019666,1.97335843635533,3.31793987184292,1.01832638091771
Wednesday 01-Apr-2020 20:00:00,2.28702998746045,1.93955983890465,3.25714408246982,0.967225994192622
Wednesday 01-Apr-2020 21:00:00,2.43865691015342,2.12201042328555,3.51753828721839,1.00552322808701
Wednesday 01-Apr-2020 22:00:00,2.72529815233129,2.37630926515405,3.95469403361351,0.963204780725698
Wednesday 01-Apr-2020 23:00:00,2.39546246627674,2.12799928737262,3.47296490846643,0.965323281844241
Thursday 02-Apr-2020 00:00:00,2.24402234866964,1.99897216793958,3.26039450448851,0.931532291838771
Thursday 02-Apr-2020 01:00:00,2.27458273771216,1.96784936686845,3.23458194961815,0.910778463333681
Thursday 02-Apr-2020 02:00:00,2.2562519782628,1.9994806248513,3.25545053765089,0.953604093687499
Thursday 02-Apr-2020 03:00:00,2.26100016992819,2.0335709868285,3.28582020557277,1.00311522121835
Thursday 02-Apr-2020 04:00:00,2.48031469458689,2.22643856941067,3.61299595673865,1.03109451580483
Thursday 02-Apr-2020 05:00:00,2.41031754029841,2.17268104776874,3.53152601734067,1.15731455927484
Thursday 02-Apr-2020 06:00:00,3.16759893845911,2.98462733267295,4.81274462496733,1.35758120474192
Thursday 02-Apr-2020 07:00:00,-1,-1,-1,-1
Thursday 02-Apr-2020 08:00:00,4.73534765910886,3.82389630609181,6.74825724049856,2.01579201681226
Thursday 02-Apr-2020 09:00:00,4.31478300150234,3.84432529438053,6.40409264090793,1.77375198697072
Thursday 02-Apr-2020 10:00:00,4.41343689175805,3.76979084812521,6.45937561143521,1.93425646364067
Thursday 02-Apr-2020 11:00:00,5.1885560444367,4.27343742935007,7.51651643403404,1.97688118668459
Thursday 02-Apr-2020 12:00:00,4.87376884652241,4.27765601088399,7.29747463052094,1.81479433213515
Thursday 02-Apr-2020 13:00:00,5.42344763808894,4.40432686297438,7.87067728685203,1.95910737496535
Thursday 02-Apr-2020 14:00:00,5.06417159963747,4.02715002806738,7.27272607831035,1.8472242462493
Thursday 02-Apr-2020 15:00:00,3.99696046653618,3.57477659618077,6.0017393484795,1.48092460463542
Thursday 02-Apr-2020 16:00:00,4.27799311202196,3.98221106793778,6.57855975246184,1.38861974387864
Thursday 02-Apr-2020 17:00:00,3.87280637447458,3.52979467502377,5.85069605390484,1.25849211997532
Thursday 02-Apr-2020 18:00:00,3.90401559188854,3.56523432951642,5.90583151245393,1.21542486381405
Thursday 02-Apr-2020 19:00:00,4.63883232688283,4.16007280590072,7.0879345425343,1.19967215235583
Thursday 02-Apr-2020 20:00:00,3.73987019915826,3.32837802745773,5.62966820698406,1.10129815581787
Thursday 02-Apr-2020 21:00:00,3.50530977552071,3.15199423556986,5.3240259717295,1.06352267263257
Thursday 02-Apr-2020 22:00:00,3.11239930038162,2.78400946583472,4.60482109862565,1.03721171186181
Thursday 02-Apr-2020 23:00:00,2.92709619253101,2.61183176441324,4.34378641877779,1.03528010916657
Friday 03-Apr-2020 00:00:00,3.01507126189894,2.67270612653886,4.42538441809197,1.03739530643501
Friday 03-Apr-2020 01:00:00,2.66856744529511,2.42868313513351,3.95892083309379,0.983677756324366
Friday 03-Apr-2020 02:00:00,2.55725295693992,2.28314737551426,3.75775418846446,1.00454142974277
Friday 03-Apr-2020 03:00:00,2.88938585541876,2.58163361388736,4.24731433417445,1.05629829211778
Friday 03-Apr-2020 04:00:00,2.90515598486157,2.64082454640405,4.31441885320551,1.12834990241487
Friday 03-Apr-2020 05:00:00,2.73761012674322,2.45906223250594,4.05018385482612,1.17065224883782
Friday 03-Apr-2020 06:00:00,3.28819237835246,3.09441786205813,4.9808369695038,1.38816279496453
Friday 03-Apr-2020 07:00:00,4.02238701462364,3.49765935787211,5.91506225853946,1.75427358572443
Friday 03-Apr-2020 08:00:00,3.86296800681769,3.35954052314577,5.6909693774035,1.75740148154645
Friday 03-Apr-2020 09:00:00,3.52892057457773,3.16355709641435,5.25124744459888,1.69747061569325
Friday 03-Apr-2020 10:00:00,5.16224289419519,4.67982127492474,7.89310152017726,1.95662798579159
Friday 03-Apr-2020 11:00:00,4.70987218095633,4.13698675527237,6.9690026967375,1.83848215694488
Friday 03-Apr-2020 12:00:00,4.19503169276285,3.68750529962985,6.19662160400682,1.6949395745129
Friday 03-Apr-2020 13:00:00,4.05260318276534,3.42712246777873,5.9109906592161,1.8112854437269
Friday 03-Apr-2020 14:00:00,3.9567524297152,3.28795672406826,5.70078694877832,1.62172317580713
Friday 03-Apr-2020 15:00:00,3.19244167862726,2.74349277587719,4.62999254946876,1.34948498599024
Friday 03-Apr-2020 16:00:00,2.87839428161678,2.4641470669665,4.15605435666812,1.18830415051838
Friday 03-Apr-2020 17:00:00,2.70672690417943,2.30804372397631,3.89984644475069,1.12550407823924
Friday 03-Apr-2020 18:00:00,2.53234357960196,2.2507636408081,3.69210112483812,1.13787546520454
Friday 03-Apr-2020 19:00:00,2.33767112047557,2.07338161933002,3.40620746567101,1.02696367408891
Friday 03-Apr-2020 20:00:00,2.20188301389551,1.96789046783766,3.22552782842377,0.95981314139935
Friday 03-Apr-2020 21:00:00,2.16851298240722,1.93463149928191,3.15896038270644,0.967940609789797
Friday 03-Apr-2020 22:00:00,2.15406048505048,1.92317057206587,3.13895321083732,0.95733319584498
Friday 03-Apr-2020 23:00:00,2.16715234565335,1.95735032548804,3.17677489253717,0.992608918437432
Saturday 04-Apr-2020 00:00:00,2.13738167587221,1.93832471262041,3.14377331460541,0.953628617203796
Saturday 04-Apr-2020 01:00:00,2.1461174244022,1.94163881574974,3.16591548452573,0.979603014713647
Saturday 04-Apr-2020 02:00:00,2.20547414663518,1.94370627863411,3.18355308168504,0.977686757815664
Saturday 04-Apr-2020 03:00:00,2.16825426936456,1.9657857638122,3.1806529718843,0.985091239313743
Saturday 04-Apr-2020 04:00:00,2.09484932938659,1.90032033639548,3.08616331206734,0.997843428953431
Saturday 04-Apr-2020 05:00:00,2.25870479490221,2.03050142429298,3.31561754799849,0.991285337482122
Saturday 04-Apr-2020 06:00:00,2.2305854660458,1.98705775836374,3.2558284482861,1.05469107250389
Saturday 04-Apr-2020 07:00:00,2.27051532928824,2.00796860807115,3.32332058479347,1.12565761220778
Saturday 04-Apr-2020 08:00:00,2.31454042537377,2.07104656378069,3.39753339333122,1.164741486639
Saturday 04-Apr-2020 09:00:00,2.41513619137032,2.09645323895964,3.50240055015759,1.15631931699369
Saturday 04-Apr-2020 10:00:00,2.37521244104452,2.08372824883062,3.46122022906234,1.17042824228827
Saturday 04-Apr-2020 11:00:00,2.2795597953849,2.00036853828534,3.32489659945231,1.10747944839843
Saturday 04-Apr-2020 12:00:00,2.28577101251599,1.98533279374742,3.33717862574031,1.07502373631367
Saturday 04-Apr-2020 13:00:00,2.5780823097179,2.14986767990349,3.68141968677209,1.14555736740739
Saturday 04-Apr-2020 14:00:00,2.49706330168317,2.09678417856623,3.58472699830937,1.09330266641624
Saturday 04-Apr-2020 15:00:00,2.47462089021291,2.11682338168926,3.5771000397448,1.08688449260794
Saturday 04-Apr-2020 16:00:00,2.24772808255817,1.99511162146073,3.30591512380525,1.04386553109026
Saturday 04-Apr-2020 17:00:00,2.15963207848716,1.97036349127229,3.20264234989915,0.960885752589406
Saturday 04-Apr-2020 18:00:00,2.15655822359073,1.9538298078671,3.19182642487385,0.992419135494375
Saturday 04-Apr-2020 19:00:00,2.29422423756339,2.0042512841886,3.34337944153121,0.954116830049514
Saturday 04-Apr-2020 20:00:00,2.27627537922078,1.99308288939281,3.31019909747031,0.992571619759783
Saturday 04-Apr-2020 21:00:00,2.12885764533905,1.91256344186147,3.13542924758095,0.896691502910349
Saturday 04-Apr-2020 22:00:00,2.13226651587449,1.888147116785,3.11471746890653,0.887911083507009
Saturday 04-Apr-2020 23:00:00,2.12706951370784,1.88275084384555,3.08860702312796,0.877410213221072
Sunday 05-Apr-2020 00:00:00,2.07448231598115,1.86111992893584,3.02145838185217,0.890927514426881
Sunday 05-Apr-2020 01:00:00,2.06413601994647,1.82680616997891,2.98772040352075,0.842837691551713
Sunday 05-Apr-2020 02:00:00,2.01973169361015,1.8134035000077,2.94809045876037,0.810211302298572
Sunday 05-Apr-2020 03:00:00,1.99406631334533,1.78086997094212,2.90326591064269,0.784731278186517
Sunday 05-Apr-2020 04:00:00,1.99902559906976,1.78078339576209,2.90545581716849,0.774368617112869
Sunday 05-Apr-2020 05:00:00,2.00567615642709,1.76101533243289,2.89727160288248,0.780584684551713
Sunday 05-Apr-2020 06:00:00,2.00395355986172,1.7858946845976,2.91939083394365,0.802706123147781
Sunday 05-Apr-2020 07:00:00,2.0004418831133,1.76383195966033,2.89458260173388,0.782444472520746
Sunday 05-Apr-2020 08:00:00,1.98980578856132,1.79003050982237,2.9114291326244,0.798718924128785
Sunday 05-Apr-2020 09:00:00,2.09633467018606,1.84622820742433,3.04425187905408,0.82328157045457
Sunday 05-Apr-2020 10:00:00,2.22711284847911,1.91112775164265,3.21680520382961,0.875124245833333
Sunday 05-Apr-2020 11:00:00,2.28128022735823,1.92067351262135,3.2634972579697,0.858200508805074
Sunday 05-Apr-2020 12:00:00,2.37107870613659,1.99834755842145,3.40550989261484,0.858512567355303
Sunday 05-Apr-2020 13:00:00,2.35912509349638,2.0371526225237,3.424129427523,0.871663041204669
Sunday 05-Apr-2020 14:00:00,2.1785893309645,1.92367309819409,3.19690905182131,0.844594012986394
Sunday 05-Apr-2020 15:00:00,2.19643054799697,1.979336833737,3.25042017437682,0.857463359320297
Sunday 05-Apr-2020 16:00:00,2.2262913143695,1.98706325245513,3.28668783040574,0.835745143902272
Sunday 05-Apr-2020 17:00:00,2.18560225291552,1.9632191352802,3.24264062567906,0.807907824651028
Sunday 05-Apr-2020 18:00:00,2.1494166530798,1.92990598851525,3.1662394716612,0.804271156575607
Sunday 05-Apr-2020 19:00:00,2.08412229371117,1.89576329287747,3.09494137197496,0.747203209412284
Sunday 05-Apr-2020 20:00:00,2.08448691285354,1.88400806813482,3.09503374722054,0.73329461598171
Sunday 05-Apr-2020 21:00:00,2.09784828927845,1.88923377297904,3.11475926363603,0.746362330197079
Sunday 05-Apr-2020 22:00:00,2.16789600516379,1.90117188599549,3.16533620836895,0.75507194475876
Sunday 05-Apr-2020 23:00:00,2.26567793961662,1.89332379329692,3.21072526771246,0.794031424041337
Monday 06-Apr-2020 00:00:00,2.26327905201053,1.9093097872819,3.2237624661045,0.771835669410692
Monday 06-Apr-2020 01:00:00,2.18591125334213,1.88489842539204,3.15221267908116,0.749977429366327
Monday 06-Apr-2020 02:00:00,2.09783191668806,1.85782094116122,3.0728820197678,0.763688064266754
Monday 06-Apr-2020 03:00:00,2.12823156852502,1.89105198463021,3.12215472876949,0.790092386611588
Monday 06-Apr-2020 04:00:00,2.17828093369406,1.92538620944165,3.19203158438239,0.854265798887488
Monday 06-Apr-2020 05:00:00,2.27214284225034,2.0205139396532,3.34130686986296,0.922361542198114
Monday 06-Apr-2020 06:00:00,2.55110156302377,2.4947104522726,3.91315644663071,1.10941421389319
Monday 06-Apr-2020 07:00:00,2.90324769230919,2.86523255516022,4.44925032329688,1.35857138462107
Monday 06-Apr-2020 08:00:00,2.89716501479091,2.89050414995923,4.45342434391373,1.43675239614046
Monday 06-Apr-2020 09:00:00,2.97845725724257,2.85237102415778,4.5358778346386,1.58216291051498
Monday 06-Apr-2020 10:00:00,3.41964534114733,3.18691437720102,5.14381000118767,1.63474176738601
Monday 06-Apr-2020 11:00:00,3.32567271683764,3.13592055329811,5.05828663612375,1.72596243509605
Monday 06-Apr-2020 12:00:00,3.0252587793465,2.71790904547611,4.48384343707356,1.47360364695424
Monday 06-Apr-2020 13:00:00,3.3001443709556,2.99729266727145,4.92705034567747,1.58717488205954
Monday 06-Apr-2020 14:00:00,3.03819747138973,2.70007868937163,4.49445919943111,1.51031081377202
Monday 06-Apr-2020 15:00:00,2.68609875038532,2.42041811287131,4.01226639638077,1.24119893425285
Monday 06-Apr-2020 16:00:00,2.37487361745931,2.16112361852511,3.54666565846686,1.03696734034515
Monday 06-Apr-2020 17:00:00,-1,-1,-1,-1
Monday 06-Apr-2020 18:00:00,2.25262645513695,2.04431376098162,3.35500771546537,0.848550898839647
Monday 06-Apr-2020 19:00:00,2.34330612712948,2.03105033512955,3.40969581571981,0.815806523352574
Monday 06-Apr-2020 20:00:00,2.1598861505779,1.93679513359956,3.19810768237612,0.760833908094517
Monday 06-Apr-2020 21:00:00,2.14271133977783,1.94769108405506,3.17724077973144,0.762273932883409
Monday 06-Apr-2020 22:00:00,2.19140543960282,1.9043014148019,3.20881907369212,0.775457608659259
Monday 06-Apr-2020 23:00:00,2.24478910282336,1.92228059886169,3.24995391135104,0.81237243126451
Tuesday 07-Apr-2020 00:00:00,2.22665292781885,1.93229816194763,3.22756932464138,0.81702590684618
Tuesday 07-Apr-2020 01:00:00,2.05393263706985,1.85889374907871,3.04503728435096,0.778858249753191
Tuesday 07-Apr-2020 02:00:00,2.02706092500468,1.83230924475769,2.97771990598719,0.756812398385065
Tuesday 07-Apr-2020 03:00:00,2.1470999118033,1.87253205992673,3.08919154725979,0.781069104520293
Tuesday 07-Apr-2020 04:00:00,2.06828758933637,1.86954086804648,3.04626497092092,0.857662650087415
Tuesday 07-Apr-2020 05:00:00,2.17228270516449,1.94783729575635,3.17722048967376,0.945576886292334
Tuesday 07-Apr-2020 06:00:00,2.50040396594583,2.39865122814931,3.76389024517905,1.10279440011532
Tuesday 07-Apr-2020 07:00:00,3.21967178176028,3.04549674143449,4.89525333223768,1.47203511242816
Tuesday 07-Apr-2020 08:00:00,3.56700751522661,3.09812337120245,5.24736696031422,1.56683973505867
Tuesday 07-Apr-2020 09:00:00,3.36865580586755,3.09916050824379,5.10663286883291,1.57324877971315
Tuesday 07-Apr-2020 10:00:00,3.11779803678681,2.81067165096576,4.62967908339561,1.54123441757868
Tuesday 07-Apr-2020 11:00:00,3.4393829202746,2.97829533515247,5.04488252964251,1.65602809791264
Tuesday 07-Apr-2020 12:00:00,3.14092236333795,2.82084717387934,4.66422442041483,1.49084875800298
Tuesday 07-Apr-2020 13:00:00,3.59321285647023,3.20483296491052,5.35164642222451,1.67702950162167
Tuesday 07-Apr-2020 14:00:00,3.43497083485649,2.95511136892471,5.03030972168433,1.60297840069792
Tuesday 07-Apr-2020 15:00:00,2.6687358205793,2.3616048158437,3.95038278915136,1.21109216874638
Tuesday 07-Apr-2020 16:00:00,2.52260526789886,2.30160768176063,3.77730205766889,1.06737969098988
Tuesday 07-Apr-2020 17:00:00,2.59773974611641,2.20166659889537,3.72057354429725,0.972912472272916
Tuesday 07-Apr-2020 18:00:00,2.56053527250909,2.17853299929577,3.67095585989205,0.930661103171312
Tuesday 07-Apr-2020 19:00:00,2.51851281045747,2.10981703231898,3.58098816672453,0.865264277763914
Tuesday 07-Apr-2020 20:00:00,2.40195644271131,2.03964158559284,3.44598630616031,0.799808064272389
Tuesday 07-Apr-2020 21:00:00,2.26662933190953,2.00436346279097,3.31375234938089,0.78174034008506
Tuesday 07-Apr-2020 22:00:00,2.23411732958401,1.98547425560603,3.28854913470655,0.778847765649426
Tuesday 07-Apr-2020 23:00:00,2.19908791026402,1.98099820614464,3.26166703141124,0.794475045398569
Wednesday 08-Apr-2020 00:00:00,2.14988037482656,1.92761007428257,3.18994084711425,0.782117180981457
Wednesday 08-Apr-2020 01:00:00,2.2470870311963,1.93633569796415,3.25398479694142,0.771905586738792
Wednesday 08-Apr-2020 02:00:00,2.1621215279542,1.89365433943082,3.16746083771853,0.783892704664341
Wednesday 08-Apr-2020 03:00:00,2.43364755093364,2.1844556467265,3.5467010810021,0.868655948048141
Wednesday 08-Apr-2020 04:00:00,2.1811138059176,1.940501988001,3.21648217967302,0.91067301969504
Wednesday 08-Apr-2020 05:00:00,2.34149982959391,2.12684552038073,3.47298947864043,0.981743656821062
Wednesday 08-Apr-2020 06:00:00,2.62813472510439,2.54858168474557,4.01453320275277,1.16673720593239
Wednesday 08-Apr-2020 07:00:00,2.85789299911668,2.7443143299416,4.36062844211435,1.35122215373291
Wednesday 08-Apr-2020 08:00:00,3.286932923429,3.12037786877453,4.99882404155445,1.52676124602287
Wednesday 08-Apr-2020 09:00:00,3.18025769223454,3.03397978759947,4.83692987637665,1.50181214982209
Wednesday 08-Apr-2020 10:00:00,3.57127915615597,3.23255621850139,5.31012448273763,1.69805958652134
Wednesday 08-Apr-2020 11:00:00,3.69269505483039,3.38195220200055,5.52957706991884,1.6903965185158
Wednesday 08-Apr-2020 12:00:00,3.31171495412408,3.06637669604667,4.99437229450697,1.49480807980616
Wednesday 08-Apr-2020 13:00:00,3.41899163342324,3.05450792741824,5.08015655061325,1.61490314104755
Wednesday 08-Apr-2020 14:00:00,3.17062621197272,2.69859493214397,4.62064150466309,1.5475607713675
Wednesday 08-Apr-2020 15:00:00,2.67567402023384,2.40436734910407,3.98787413299632,1.18221469636768
Wednesday 08-Apr-2020 16:00:00,2.68549166597639,2.40208034111919,3.99785488607112,1.14192086579734
Wednesday 08-Apr-2020 17:00:00,2.45165713977079,2.22558391942435,3.66509617622042,1.02358307798986
Wednesday 08-Apr-2020 18:00:00,2.32361068418748,2.10484031606473,3.46364295603637,0.93439512834464
Wednesday 08-Apr-2020 19:00:00,2.59530750019509,2.36104586973909,3.87524652812782,0.974990841619464
Wednesday 08-Apr-2020 20:00:00,2.33577303519212,2.0770026958224,3.44412441965055,0.859417998046624
Wednesday 08-Apr-2020 21:00:00,2.22227833208505,1.98248832218987,3.28585062121067,0.821228713257255
Wednesday 08-Apr-2020 22:00:00,2.31100837547126,2.0216329093091,3.37515718911439,0.818309949434902
Wednesday 08-Apr-2020 23:00:00,2.21423460010478,1.96323609082061,3.26406334971859,0.85979976636791
Thursday 09-Apr-2020 00:00:00,2.16851681956241,1.92691245684723,3.19251613686376,0.819564985992162
Thursday 09-Apr-2020 01:00:00,2.16497145742903,1.91406957687792,3.15604387990639,0.787590822154614
Thursday 09-Apr-2020 02:00:00,2.0957222420979,1.87115018299112,3.07720795733333,0.801734347671849
Thursday 09-Apr-2020 03:00:00,2.07179844248746,1.8736133938076,3.04493313437603,0.79926525470166
Thursday 09-Apr-2020 04:00:00,2.12135812846913,1.91360956445992,3.11410462012168,0.859586237372069
Thursday 09-Apr-2020 05:00:00,2.30213243590721,2.06026036039584,3.364125264931,0.935585618220626
Thursday 09-Apr-2020 06:00:00,2.6020754323643,2.49250159138795,3.91996144058293,1.15871248275339
Thursday 09-Apr-2020 07:00:00,3.06424636531472,2.94822507628198,4.66708811610613,1.41467224654821
Thursday 09-Apr-2020 08:00:00,3.0529068174102,2.87433002485152,4.61136692349831,1.49673000072776
Thursday 09-Apr-2020 09:00:00,3.1264352500334,2.90677781023417,4.71410019727282,1.48434091714027
Thursday 09-Apr-2020 10:00:00,3.1874992799095,2.91451584904823,4.75821387318033,1.60088986262304
Thursday 09-Apr-2020 11:00:00,3.65141951166359,3.43381435597518,5.56027112396975,1.66775305510841
Thursday 09-Apr-2020 12:00:00,3.42889992136873,3.14129686061931,5.15955174006231,1.49177675733055
Thursday 09-Apr-2020 13:00:00,4.55113968179571,4.22445991595736,6.92887323895217,1.66546185558826
Thursday 09-Apr-2020 14:00:00,4.74888018013352,4.38663037439203,7.41514699293857,1.52118636266588
Thursday 09-Apr-2020 15:00:00,3.77310717208182,3.45008592368249,5.67730658020893,1.30209013392463
Thursday 09-Apr-2020 16:00:00,4.74619515957741,4.36932206736301,7.56860387165008,1.37794115055837
Thursday 09-Apr-2020 17:00:00,3.71069988604865,3.38387956182727,5.6235525389497,1.17791660986605
Thursday 09-Apr-2020 18:00:00,3.49166526762765,3.15907813741668,5.19019647462728,1.15754906206574
Thursday 09-Apr-2020 19:00:00,2.35921787587918,2.13186670602801,3.46823525863807,1.02461125188728
Thursday 09-Apr-2020 20:00:00,2.11196442509067,1.89031061088588,3.09793120522099,0.9688382128167
Thursday 09-Apr-2020 21:00:00,2.12877198536219,1.90099873842701,3.09278299508814,0.950095538802831
Thursday 09-Apr-2020 22:00:00,2.09929538282149,1.89682420761667,3.06917135170896,0.953299031908936
Thursday 09-Apr-2020 23:00:00,3.27699243855232,2.97212484278612,4.98300466583489,1.03789345076835
Friday 10-Apr-2020 00:00:00,2.56719374519378,2.31363284265331,3.77486975922698,0.995113210748221
Friday 10-Apr-2020 01:00:00,2.51140321100334,2.27006306070209,3.70758167693321,0.964036149579554
Friday 10-Apr-2020 02:00:00,2.49894599648962,2.24917661499871,3.66974821985881,0.984966012444619
Friday 10-Apr-2020 03:00:00,3.06463254161968,2.74874661695029,4.59985219554537,1.06065343756331
Friday 10-Apr-2020 04:00:00,-1,-1,-1,-1
Friday 10-Apr-2020 05:00:00,2.93142659520991,2.65078532029789,4.37206170193743,1.14230129559755
Friday 10-Apr-2020 06:00:00,3.35133608868644,3.11707787325249,5.0652879729107,1.26556334886588
Friday 10-Apr-2020 07:00:00,4.12727511211513,3.78451048530893,6.29360841189519,1.53956104965499
Friday 10-Apr-2020 08:00:00,5.33684959430434,4.88674260098385,8.27757392040782,1.74499852630944
Friday 10-Apr-2020 09:00:00,5.53527100737095,5.22824230057732,9.01594874601078,1.76126286994394
Friday 10-Apr-2020 10:00:00,7.60722460317201,7.07911669143123,12.4385319360449,2.04758504367905
Friday 10-Apr-2020 11:00:00,7.49090894666685,6.91548540558693,12.0644218493581,1.94822118187291
Friday 10-Apr-2020 12:00:00,6.16929142579718,5.75821773890209,9.76857513065857,1.80227628657962
Friday 10-Apr-2020 13:00:00,6.77187720904522,6.1495131884995,10.6224777551379,1.91343671670203
Friday 10-Apr-2020 14:00:00,6.56272384234284,6.02668632962907,10.3970359525038,1.78165082410848
Friday 10-Apr-2020 15:00:00,5.27455648644272,4.92099851886619,8.18830257946714,1.51802978551865
Friday 10-Apr-2020 16:00:00,4.18630760384612,3.87344747675352,6.47079253928176,1.30336811730424
Friday 10-Apr-2020 17:00:00,4.25367323528298,3.9139013452543,6.62298220329122,1.27077163822968
Friday 10-Apr-2020 18:00:00,2.98547851412492,2.72487795544212,4.45733227049532,1.1325418924757
Friday 10-Apr-2020 19:00:00,2.59009490371665,2.3504817299428,3.83161190534298,1.11149519515775
Friday 10-Apr-2020 20:00:00,3.2017532906814,2.93071997808492,4.84020316695107,1.0747184142767
Friday 10-Apr-2020 21:00:00,3.14158196864787,2.85407196224059,4.73502465423004,1.08020329790528
Friday 10-Apr-2020 22:00:00,3.60116345324657,3.30853107089817,5.47262909759029,1.08992038386766
Friday 10-Apr-2020 23:00:00,3.87298829585563,3.57958405089009,5.99586082704445,1.13455098937895
Saturday 11-Apr-2020 00:00:00,2.44216559568218,2.1684571281665,3.56611943796265,1.02270488025253
Saturday 11-Apr-2020 01:00:00,2.43714796580179,2.11414018368501,3.51126589185721,1.01343339951368
Saturday 11-Apr-2020 02:00:00,2.29623014588667,2.00692285878787,3.3054551437665,0.981760754022656
Saturday 11-Apr-2020 03:00:00,2.22836165260075,1.92613713525618,3.19416555407766,0.976459537691482
Saturday 11-Apr-2020 04:00:00,2.20687343210763,1.8742060409837,3.12207643530446,0.985991983811815
Saturday 11-Apr-2020 05:00:00,2.17015088291244,1.82249880180753,3.06412084117155,1.01634107954277
Saturday 11-Apr-2020 06:00:00,2.13277816855889,1.84214478390417,3.05211004913086,1.00209481050775
Saturday 11-Apr-2020 07:00:00,2.16903825322324,1.90015604463211,3.13114838183441,1.04182019364679
Saturday 11-Apr-2020 08:00:00,2.63210909933726,2.32283210388365,3.86429057826562,1.09903560118491
Saturday 11-Apr-2020 09:00:00,2.88563234983451,2.57459907686657,4.27595726570072,1.1496309556067
Saturday 11-Apr-2020 10:00:00,3.45640257997967,3.11648367182765,5.21118527434616,1.23309973738544
Saturday 11-Apr-2020 11:00:00,2.99981431630192,2.69325526601616,4.45805909841238,1.14522491977109
Saturday 11-Apr-2020 12:00:00,3.17384456568188,2.76893004284986,4.68747315123009,1.14080855551018
Saturday 11-Apr-2020 13:00:00,3.26401918277194,2.7598601681044,4.74868392477389,1.14548432591335
Saturday 11-Apr-2020 14:00:00,3.40736560582884,2.8098648802571,4.9121659323894,1.17682110736249
Saturday 11-Apr-2020 15:00:00,3.23405236243439,2.81573608713843,4.77858906408095,1.10703528689475
Saturday 11-Apr-2020 16:00:00,3.15100523909454,2.79024806018632,4.70102897559431,1.01649227717352
Saturday 11-Apr-2020 17:00:00,2.75270645191106,2.46919022899659,4.10875485186352,1.02732780596943
Saturday 11-Apr-2020 18:00:00,2.59519064466103,2.30615748365355,3.83970102931425,1.0028901214063
Saturday 11-Apr-2020 19:00:00,2.26516919234843,1.96484657181115,3.29744960774035,0.923249727618341
Saturday 11-Apr-2020 20:00:00,2.05423980945784,1.81397060200648,3.00699874959273,0.884857638538073
Saturday 11-Apr-2020 21:00:00,2.00421760525654,1.75987787607626,2.91040273036402,0.815703764474942
Saturday 11-Apr-2020 22:00:00,1.99334941951264,1.75875752201939,2.88502799441333,0.788041212354288
Saturday 11-Apr-2020 23:00:00,1.96284207878395,1.73106103726855,2.83013111038533,0.774261706498012
Sunday 12-Apr-2020 00:00:00,1.9474581636115,1.72201457382405,2.81218868492639,0.761592217551472
Sunday 12-Apr-2020 01:00:00,1.99779326189833,1.71252557096895,2.84114418984069,0.743672334057756
Sunday 12-Apr-2020 02:00:00,1.99087167027502,1.71809303710204,2.84564812856021,0.737437136616358
Sunday 12-Apr-2020 03:00:00,2.0024904148312,1.71409468810964,2.83979784101886,0.732963163225471
Sunday 12-Apr-2020 04:00:00,2.04046793113033,1.70618059933245,2.8699598323957,0.743366029481728
Sunday 12-Apr-2020 05:00:00,1.97473106276454,1.70025267196184,2.81343138726485,0.743894835048111
Sunday 12-Apr-2020 06:00:00,2.01552504296807,1.73723290059546,2.86918288228412,0.754389447971638
Sunday 12-Apr-2020 07:00:00,1.96466337103315,1.72278362347207,2.81411723982861,0.712282669421307
Sunday 12-Apr-2020 08:00:00,1.95827589374255,1.72347502902169,2.81246795768884,0.727848786047575
Sunday 12-Apr-2020 09:00:00,2.09358528740803,1.81491864453748,3.01203055683417,0.793989254369357
Sunday 12-Apr-2020 10:00:00,2.21506031619207,1.92663742545227,3.23668031525708,0.829377545265009
Sunday 12-Apr-2020 11:00:00,2.27091292147623,1.96977516463372,3.30170748744097,0.862403866712039
Sunday 12-Apr-2020 12:00:00,2.34391817383255,1.98164177963136,3.36820251272334,0.855785301789736
Sunday 12-Apr-2020 13:00:00,2.38511738184689,2.03621584408358,3.46457665374671,0.838190640056016
Sunday 12-Apr-2020 14:00:00,2.78326303423694,2.41287909267501,4.07033057975644,0.87969863025451
Sunday 12-Apr-2020 15:00:00,2.75455554240568,2.44044886581991,4.07801451841625,0.871931422562752
Sunday 12-Apr-2020 16:00:00,2.95947546701506,2.55694019644345,4.37468634571499,0.852425417630814
Sunday 12-Apr-2020 17:00:00,2.56123141569626,2.23521923850449,3.76268321431032,0.840366862430023
Sunday 12-Apr-2020 18:00:00,2.42196733975556,2.1149893620788,3.51754665082286,0.865764991588888
Sunday 12-Apr-2020 19:00:00,2.27943684858111,2.00073531113189,3.3178420384555,0.833280014783458
Sunday 12-Apr-2020 20:00:00,2.24437000649224,1.93234067372202,3.25015197842757,0.817385111112746
Sunday 12-Apr-2020 21:00:00,2.37622980396773,2.06884242679681,3.46938916941848,0.849754256308537
Sunday 12-Apr-2020 22:00:00,2.53933030059079,2.21621863433401,3.72253223088207,0.873465484075886
Sunday 12-Apr-2020 23:00:00,2.54303717752829,2.21549025119455,3.71772833389585,0.889287784851408
Monday 13-Apr-2020 00:00:00,2.74609268355731,2.44520192116655,4.06342209766413,0.912127955867009
Monday 13-Apr-2020 01:00:00,2.78239388955217,2.47474826222263,4.11793534970322,0.931317073787581
Monday 13-Apr-2020 02:00:00,2.78702940149532,2.4313141230167,4.08424798001409,0.938327651415109
Monday 13-Apr-2020 03:00:00,3.11358124768746,2.73648063421997,4.60271979112566,0.970748989366374
Monday 13-Apr-2020 04:00:00,2.71675581559804,2.40986130934333,3.99852975932055,1.00537448331667
Monday 13-Apr-2020 05:00:00,2.71593706974809,2.39567584053516,3.99203184760604,1.12539076215218
Monday 13-Apr-2020 06:00:00,2.80406035398344,2.72423180366167,4.26309659605222,1.2084224556076
Monday 13-Apr-2020 07:00:00,3.8521990126314,3.59671976025919,5.86775937800578,1.40611966294781
Monday 13-Apr-2020 08:00:00,5.69963744702824,5.41404223804373,8.95005090746895,1.60579922077958
Monday 13-Apr-2020 09:00:00,8.10711241177597,7.44016988860669,12.8994686565557,1.81203741392377
Monday 13-Apr-2020 10:00:00,9.04373550111102,8.44962384662619,14.3100189170371,1.92679863458708
Monday 13-Apr-2020 11:00:00,9.71590401136484,9.10211776788702,15.7805250301677,2.00006380798409
Monday 13-Apr-2020 12:00:00,5.10595448454257,4.76346959575923,7.8452765433526,1.58344934694157
Monday 13-Apr-2020 13:00:00,8.40313494856585,7.76550944138236,13.2443626303294,1.8399546688258
Monday 13-Apr-2020 14:00:00,5.10766374480697,4.76092319058307,7.92507092119718,1.49467608677582
Monday 13-Apr-2020 15:00:00,3.23414557153118,2.92292669180747,4.83610204652366,1.28356470779095
Monday 13-Apr-2020 16:00:00,2.86675715318555,2.59397423225644,4.27754402583721,1.20600728965435
Monday 13-Apr-2020 17:00:00,2.64659469842501,2.35529900823531,3.90497711863734,1.16473970102259
Monday 13-Apr-2020 18:00:00,2.69997124006255,2.44555555382641,4.00887726802391,1.18532835371575
Monday 13-Apr-2020 19:00:00,2.58243977809255,2.33012805018992,3.83680915750859,1.12655926003842
Monday 13-Apr-2020 20:00:00,2.26318073475932,2.01909726260795,3.35117721717168,1.10375156829603
Monday 13-Apr-2020 21:00:00,2.39037446806073,2.13138941788488,3.52012660187002,1.11165741863813
Monday 13-Apr-2020 22:00:00,3.16098226365378,2.80053689460683,4.69655456458243,1.18851465075124
Monday 13-Apr-2020 23:00:00,2.69686574366088,2.3695172000377,3.95020669887254,1.1405136444565
Tuesday 14-Apr-2020 00:00:00,2.59754043487625,2.25790228881454,3.78466924842531,1.08994534731343
Tuesday 14-Apr-2020 01:00:00,2.69419104129199,2.36576162355059,3.93140511116245,1.07943076605833
Tuesday 14-Apr-2020 02:00:00,2.33310540321147,2.0887592967968,3.44626826263419,1.04532510667119
Tuesday 14-Apr-2020 03:00:00,2.21264561647903,2.00660788800682,3.27353422273296,1.02775346269003
Tuesday 14-Apr-2020 04:00:00,2.2435946362568,2.03812372922844,3.32560007865959,1.05702105860417
Tuesday 14-Apr-2020 05:00:00,2.30174806839126,2.07765665698532,3.38598566789583,1.12517384633335
Tuesday 14-Apr-2020 06:00:00,2.54127814056377,2.42693646598898,3.81757336713616,1.26061170577065
Tuesday 14-Apr-2020 07:00:00,2.99201559783252,2.89521502971176,4.56533835814338,1.49369841946952
Tuesday 14-Apr-2020 08:00:00,3.25628942595052,3.12836721099385,4.95606581419698,1.52932529131815
Tuesday 14-Apr-2020 09:00:00,3.45317909004121,3.20352119741715,5.21427983061172,1.55941924222109
Tuesday 14-Apr-2020 10:00:00,3.55698500914904,3.2689380991359,5.35090210085538,1.69146176839207
Tuesday 14-Apr-2020 11:00:00,3.37735063809781,3.15494457250372,5.10935553546537,1.61567762808736
Tuesday 14-Apr-2020 12:00:00,3.28684638957678,2.92644949635471,4.88349835402017,1.55548047143052
Tuesday 14-Apr-2020 13:00:00,3.44941124055352,3.05971654633714,5.11886789558562,1.59803651572097
Tuesday 14-Apr-2020 14:00:00,3.31775599377147,2.83936112623582,4.82894131930601,1.52344279324522
Tuesday 14-Apr-2020 15:00:00,2.88693039962553,2.45563605305923,4.1929223379606,1.23450736712537
Tuesday 14-Apr-2020 16:00:00,2.54271520970495,2.19286330807355,3.69002117821114,1.09502526713592
Tuesday 14-Apr-2020 17:00:00,2.40022845612873,2.0786413305672,3.49589645348882,1.01812087268227
Tuesday 14-Apr-2020 18:00:00,2.35650367431834,2.04545716167356,3.42975760021294,0.934354370740791
Tuesday 14-Apr-2020 19:00:00,2.21079372702657,1.89873111804624,3.18809178089897,0.853461758789409
Tuesday 14-Apr-2020 20:00:00,2.15615483226006,1.84765588730308,3.10248539751309,0.815468596805376
Tuesday 14-Apr-2020 21:00:00,2.03703340300698,1.78508567685639,2.97348096451798,0.796554034017625
Tuesday 14-Apr-2020 22:00:00,2.10830027796006,1.85337841956134,3.07033430740808,0.81433184497155
Tuesday 14-Apr-2020 23:00:00,2.02789832548279,1.79073699125777,2.94547794343315,0.778886079379573
Wednesday 15-Apr-2020 00:00:00,2.06137308091249,1.82515045985473,2.99027353669634,0.763998462019517
Wednesday 15-Apr-2020 01:00:00,2.17976876608022,1.94815438429368,3.18799727733208,0.772877225874153
Wednesday 15-Apr-2020 02:00:00,-1,-1,-1,-1
Wednesday 15-Apr-2020 03:00:00,2.29049420977085,2.05050836121796,3.33269225694932,0.81500727690745
Wednesday 15-Apr-2020 04:00:00,2.06450465524048,1.81340815604017,2.9649953706901,0.871531353599989
Wednesday 15-Apr-2020 05:00:00,2.24647578964846,1.99816190460611,3.27314882318348,1.0217205627426
Wednesday 15-Apr-2020 06:00:00,2.76093197793336,2.69785328943268,4.21969849257475,1.19128203399242
Wednesday 15-Apr-2020 07:00:00,3.35418608790612,3.18045797845305,5.1110639478125,1.56736675935083
Wednesday 15-Apr-2020 08:00:00,3.35825036773165,3.20199789695753,5.0894494074283,1.56915135347152
Wednesday 15-Apr-2020 09:00:00,3.05854964415966,2.8793755651532,4.62123469223419,1.58332830918486
Wednesday 15-Apr-2020 10:00:00,3.42911321050352,3.17906862564747,5.15430390507002,1.67518465349528
Wednesday 15-Apr-2020 11:00:00,3.39043675336872,3.15744310637449,5.11549450405805,1.63326309252275
Wednesday 15-Apr-2020 12:00:00,3.24625065802117,2.97897412615967,4.88410725575433,1.52688239754694
Wednesday 15-Apr-2020 13:00:00,3.78124477122284,3.49962067828924,5.73311221374591,1.72758162347693
Wednesday 15-Apr-2020 14:00:00,3.37159236192188,2.92212832782913,4.94698440767836,1.56173334180962
Wednesday 15-Apr-2020 15:00:00,2.82436158351408,2.42189465012567,4.11926615757312,1.30387471760942
Wednesday 15-Apr-2020 16:00:00,2.49824973966098,2.16710837552201,3.6491975871468,1.17143992813689
Wednesday 15-Apr-2020 17:00:00,2.28299693187833,2.01365209933805,3.35486396539575,1.01100321932499
Wednesday 15-Apr-2020 18:00:00,2.34738672051563,2.00076382940522,3.36688164128057,0.909048028732576
Wednesday 15-Apr-2020 19:00:00,2.18374370426981,1.90147351979077,3.16408964922133,0.897146433923641
Wednesday 15-Apr-2020 20:00:00,2.02420256112513,1.79723712091215,2.95248065866894,0.850044339367045
Wednesday 15-Apr-2020 21:00:00,1.97936096101162,1.75648036959338,2.87786644779331,0.821389832253586
Wednesday 15-Apr-2020 22:00:00,2.0058386991391,1.75030989943454,2.89059463368419,0.808737600381591
Wednesday 15-Apr-2020 23:00:00,2.00514008008432,1.77256544823636,2.90677198747405,0.848547550033081
Thursday 16-Apr-2020 00:00:00,2.01099574846557,1.77165149589927,2.893049879675,0.798173878645127
Thursday 16-Apr-2020 01:00:00,2.05359468827647,1.77659810716967,2.94156833559211,0.815249064519562
Thursday 16-Apr-2020 02:00:00,2.04925377660321,1.77632079158432,2.94852113348074,0.826730155231565
Thursday 16-Apr-2020 03:00:00,1.99328715727885,1.7619979472516,2.88763622448474,0.823921860417582
Thursday 16-Apr-2020 04:00:00,2.34266633328167,2.07583901956487,3.35136463867465,1.0619801233873
Thursday 16-Apr-2020 05:00:00,2.09685661973165,1.85032734919008,3.04011145967329,0.986034250772731
Thursday 16-Apr-2020 06:00:00,2.60355642929256,2.46051504326394,3.90666686403861,1.22118589869555
Thursday 16-Apr-2020 07:00:00,3.05727167540453,2.93490430253284,4.6512070004411,1.56264078450947
Thursday 16-Apr-2020 08:00:00,3.14484007472482,2.91081746427887,4.71576648161327,1.53340493622949
Thursday 16-Apr-2020 09:00:00,3.3324633553741,3.18447096179925,5.08841322682041,1.61725689906792
Thursday 16-Apr-2020 10:00:00,3.990948308428,3.731125866702,6.08996459569508,1.75075400971156
Thursday 16-Apr-2020 11:00:00,3.7450520660281,3.49672524974453,5.68474954129206,1.69141811431517
Thursday 16-Apr-2020 12:00:00,3.34024429601125,3.16567290366594,5.08344878885294,1.50241923028788
Thursday 16-Apr-2020 13:00:00,3.63709028423118,3.45081572417707,5.55609728470004,1.64937707635769
Thursday 16-Apr-2020 14:00:00,3.52148016199526,3.15657645921021,5.24594150968882,1.54961611924961
Thursday 16-Apr-2020 15:00:00,2.79809208970717,2.50738897145015,4.13805241675534,1.2516735787824
Thursday 16-Apr-2020 16:00:00,2.86746910585271,2.61065893081836,4.28021759814396,1.22930266567846
Thursday 16-Apr-2020 17:00:00,2.8736950638033,2.5968370696291,4.2652752473685,1.16379120180826
Thursday 16-Apr-2020 18:00:00,3.23836804271996,2.95693524840327,4.92806543658029,1.08083640006957
Thursday 16-Apr-2020 19:00:00,2.5467936241938,2.30476811043864,3.78317106721702,0.98685359574072
Thursday 16-Apr-2020 20:00:00,2.21051714283951,1.94828586130371,3.19020671814019,0.952380079248009
Thursday 16-Apr-2020 21:00:00,2.14964429717572,1.85525236239261,3.06224019026877,0.907358913039271
Thursday 16-Apr-2020 22:00:00,2.13572566686309,1.86385186167452,3.06451248908895,0.919294604689989
Thursday 16-Apr-2020 23:00:00,2.09686426518752,1.80855089945438,2.98277606273129,0.910013541229589
Friday 17-Apr-2020 00:00:00,2.09308952701156,1.79188388197279,2.97916484678266,0.900557489792509
Friday 17-Apr-2020 01:00:00,2.09374567226562,1.7931565941892,2.9714625560357,0.883659224884186
Friday 17-Apr-2020 02:00:00,2.11034895097218,1.78407850102651,2.98038540728321,0.888307963589711
Friday 17-Apr-2020 03:00:00,2.12809171294675,1.80352852032993,3.00554528673878,0.914395980662165
Friday 17-Apr-2020 04:00:00,2.16747615396438,1.8584587348934,3.09779431788431,0.984545842015915
Friday 17-Apr-2020 05:00:00,2.32366412489062,2.02319030307967,3.36149259094113,1.10041422588128
Friday 17-Apr-2020 06:00:00,2.50914477624475,2.35321526569947,3.7413630709768,1.23520449062889
Friday 17-Apr-2020 07:00:00,3.09990792883022,2.81288093611649,4.61503330285149,1.48462429929681
Friday 17-Apr-2020 08:00:00,3.11770243373407,2.83320948310164,4.630019130538,1.61143189409853
Friday 17-Apr-2020 09:00:00,2.99416630648647,2.77658091324095,4.46470633718261,1.56480670225741
Friday 17-Apr-2020 10:00:00,3.29017697955691,3.01992976795885,4.92663260820408,1.69510084222439
Friday 17-Apr-2020 11:00:00,3.37726623641936,3.0071116327591,5.01180941189526,1.60674895010056
Friday 17-Apr-2020 12:00:00,3.44233283090722,3.09693424089145,5.11475223607259,1.57655819878493
Friday 17-Apr-2020 13:00:00,3.6119550309665,3.24194321244601,5.37141223636771,1.64554524593953
Friday 17-Apr-2020 14:00:00,3.35072579242254,3.00133629155901,4.97111004411635,1.50745603684908
Friday 17-Apr-2020 15:00:00,2.72366253852931,2.40425057383803,4.00728321257567,1.29681717098312
Friday 17-Apr-2020 16:00:00,2.6195035929999,2.36453991318152,3.88441202738843,1.16027543437022
Friday 17-Apr-2020 17:00:00,2.65896063872051,2.36654977590429,3.93509177009626,1.07283073804556
Friday 17-Apr-2020 18:00:00,2.3218816302568,2.02928624898021,3.37336041225561,0.982308787054533
Friday 17-Apr-2020 19:00:00,2.18803744835354,1.90882760249218,3.14823466805272,0.89091347303168
Friday 17-Apr-2020 20:00:00,2.13074293996183,1.85900209703899,3.07200947139512,0.84537717483463
Friday 17-Apr-2020 21:00:00,2.09344660576536,1.82069357380143,3.00978338668408,0.847104199376585
Friday 17-Apr-2020 22:00:00,1.99208198987593,1.79998230650906,2.91393414624769,0.818917190667413
Friday 17-Apr-2020 23:00:00,2.01691616147439,1.81485298396677,2.93864122460771,0.857180728238077
Saturday 18-Apr-2020 00:00:00,1.99528089519274,1.80422676829787,2.90906055375655,0.8372757448633
Saturday 18-Apr-2020 01:00:00,2.00196437552927,1.79308275274434,2.92374758148742,0.850257385113329
Saturday 18-Apr-2020 02:00:00,1.98641491527429,1.79009307843628,2.90906032348998,0.857997136460912
Saturday 18-Apr-2020 03:00:00,2.0371732646773,1.82601900978923,2.96487441250073,0.899411353725264
Saturday 18-Apr-2020 04:00:00,2.0093065836031,1.80879168982853,2.95068134610131,1.00747606164001
Saturday 18-Apr-2020 05:00:00,2.02583287828814,1.82726389907438,2.96867212567145,0.977282997325073
Saturday 18-Apr-2020 06:00:00,2.08190204269607,1.87645807978662,3.04085064964437,1.03491270915875
Saturday 18-Apr-2020 07:00:00,2.10702859824663,1.91404315453082,3.10664870861602,1.10232195248292
Saturday 18-Apr-2020 08:00:00,2.17817166262145,1.9558280884417,3.1827544953431,1.10633148793404
Saturday 18-Apr-2020 09:00:00,2.1767820641794,1.94688498983581,3.20451594024988,1.10392483978627
Saturday 18-Apr-2020 10:00:00,2.28488282583119,2.07143764195016,3.37935970310719,1.14295646617096
Saturday 18-Apr-2020 11:00:00,2.45613800672179,2.21439842747155,3.63246897146314,1.11497082410979
Saturday 18-Apr-2020 12:00:00,2.47696603674572,2.16418403399012,3.62898452538299,1.06577014137889
Saturday 18-Apr-2020 13:00:00,2.51569793598625,2.2399679188409,3.71064975058192,1.01804550978823
Saturday 18-Apr-2020 14:00:00,2.45508128611211,2.17216183649497,3.57027157889243,1.00465967282624
Saturday 18-Apr-2020 15:00:00,2.61801833670199,2.35436045417978,3.85828374847774,1.05738396681444
Saturday 18-Apr-2020 16:00:00,2.48501471356651,2.23261389737607,3.64397400051896,1.01979911479021
Saturday 18-Apr-2020 17:00:00,2.46799309081348,2.21017410450908,3.62621696782062,0.998664685060608
Saturday 18-Apr-2020 18:00:00,2.30207069922482,2.06059307828343,3.37149026600727,0.965994484835128
Saturday 18-Apr-2020 19:00:00,2.07945077829059,1.876081766294,3.0470095220877,0.938664568886456
Saturday 18-Apr-2020 20:00:00,2.18482152674305,1.88699062565892,3.14637455696748,0.937052898888278
Saturday 18-Apr-2020 21:00:00,2.08737662322685,1.80300312149357,3.00048745020996,0.930832779393609
Saturday 18-Apr-2020 22:00:00,2.03235756307686,1.77411182341262,2.91834943191947,0.890213273361027
Saturday 18-Apr-2020 23:00:00,2.12011048844969,1.803256408786,3.00416104064907,0.901829679280192
Sunday 19-Apr-2020 00:00:00,2.09332858249193,1.81871285658984,2.99565082164092,0.886891628151372
Sunday 19-Apr-2020 01:00:00,2.05584269917602,1.76267973334844,2.92931102350806,0.864451564529687
Sunday 19-Apr-2020 02:00:00,2.03563977051305,1.776762806498,2.91585747148455,0.833694241651496
Sunday 19-Apr-2020 03:00:00,2.05739507712544,1.75627307548566,2.91966105402038,0.826054508720231
Sunday 19-Apr-2020 04:00:00,2.08376683477572,1.76429695415373,2.93950453734102,0.836650397750129
Sunday 19-Apr-2020 05:00:00,2.08787638704966,1.78803274548201,2.96562159421364,0.833557030596364
Sunday 19-Apr-2020 06:00:00,2.09051513928973,1.79253535094747,2.97102966734935,0.828688270726891
Sunday 19-Apr-2020 07:00:00,2.04784070544942,1.80389873113907,2.95560014313902,0.842137867293569
Sunday 19-Apr-2020 08:00:00,2.14702026319194,1.873566870606,3.10214517677676,0.866885372983289
Sunday 19-Apr-2020 09:00:00,2.22545274393434,1.92558648412123,3.22861429851259,0.883088348256662
Sunday 19-Apr-2020 10:00:00,2.59550875074252,2.22227251696131,3.76604622068194,0.918614623080489
Sunday 19-Apr-2020 11:00:00,2.85974202094896,2.4243122701175,4.14588128670824,0.970160726549553
Sunday 19-Apr-2020 12:00:00,3.01399163201982,2.55665844246034,4.37554448349267,1.00153117817538
Sunday 19-Apr-2020 13:00:00,3.21462981332044,2.79044212374431,4.75692892170923,0.995120282754883
Sunday 19-Apr-2020 14:00:00,3.54325140798144,3.06563658065998,5.27015425209588,1.01572591499313
Sunday 19-Apr-2020 15:00:00,3.75579810325345,3.29572571243877,5.65951704404205,1.09942122561802
Sunday 19-Apr-2020 16:00:00,3.37578932072236,2.95055744197132,5.01969838661452,1.09300019639967
Sunday 19-Apr-2020 17:00:00,3.01230815587354,2.60915470665494,4.4194081324632,0.99472732731699
Sunday 19-Apr-2020 18:00:00,2.66120208545521,2.27964380777982,3.86756709201169,0.958492100642837
Sunday 19-Apr-2020 19:00:00,2.39397483671438,2.01827670723444,3.43907171590286,0.948255385504394
Sunday 19-Apr-2020 20:00:00,2.2666122012841,1.92564829399092,3.2656781699176,0.935856491726675
Sunday 19-Apr-2020 21:00:00,2.2061119171898,1.89677463979557,3.20421781438666,0.899274107294951
Sunday 19-Apr-2020 22:00:00,2.18172009191961,1.88807002095606,3.17800124470948,0.867853737130992
Sunday 19-Apr-2020 23:00:00,2.30453525339531,1.99650169907797,3.34630881576531,0.877634552889576
Monday 20-Apr-2020 00:00:00,2.15835087084326,1.86312503684292,3.13671184007634,0.843345613854631
Monday 20-Apr-2020 01:00:00,2.15490388358364,1.85176455523706,3.12273288822832,0.832718993588645
Monday 20-Apr-2020 02:00:00,2.16068017696591,1.85997905244133,3.12736503393045,0.842873410343319
Monday 20-Apr-2020 03:00:00,2.17868110717647,1.8751553211651,3.14482612603761,0.844000690044546
Monday 20-Apr-2020 04:00:00,2.15286142271865,1.89340195856777,3.15691347062002,0.924350102024309
Monday 20-Apr-2020 05:00:00,2.35486369479708,2.11720997559429,3.47701985564916,1.08593804115841
Monday 20-Apr-2020 06:00:00,2.72790056202404,2.69824357677901,4.16926764002003,1.17921642732123
Monday 20-Apr-2020 07:00:00,3.35588220687138,3.23315294311887,5.14137689252674,1.53031933432151
Monday 20-Apr-2020 08:00:00,3.43799734403693,3.25468038832096,5.22268462054499,1.64600856588346
Monday 20-Apr-2020 09:00:00,3.24030131000436,3.01698251787858,4.87548340926849,1.52988921714163
Monday 20-Apr-2020 10:00:00,3.46572971071309,3.24063288774833,5.26180603016352,1.72582034509658
Monday 20-Apr-2020 11:00:00,3.3488768931216,3.07068233664801,5.00794578729781,1.66673325795031
Monday 20-Apr-2020 12:00:00,3.16599658131318,2.8743646088768,4.73257595528855,1.49488470843233
Monday 20-Apr-2020 13:00:00,3.48618830737858,3.28748655969528,5.2939105561652,1.65498055079576
Monday 20-Apr-2020 14:00:00,3.1394777330913,2.70291414382578,4.59360196025216,1.60105993637853
Monday 20-Apr-2020 15:00:00,2.6669769238207,2.25179471183271,3.84700292034614,1.27556514918328
Monday 20-Apr-2020 16:00:00,2.54661675840471,2.17286202970068,3.70972614596244,1.15339488248937
Monday 20-Apr-2020 17:00:00,2.43007426763521,2.10315079064787,3.55906904983103,1.06341790989215
Monday 20-Apr-2020 18:00:00,2.32359672843947,2.00607671560462,3.37616800671616,0.997222291829212
Monday 20-Apr-2020 19:00:00,2.33203066518713,2.0164379336524,3.39561992245888,0.963654273778407
Monday 20-Apr-2020 20:00:00,2.15710393221909,1.90935865170298,3.1700526998284,0.89343768265669
Monday 20-Apr-2020 21:00:00,2.10048502620204,1.86936610244685,3.08697799417012,0.872177597706851
Monday 20-Apr-2020 22:00:00,2.11860316044107,1.89114292804587,3.10369458562577,0.872013240774104
Monday 20-Apr-2020 23:00:00,2.08190459520151,1.85397642244305,3.05447799508916,0.861835667661748
Tuesday 21-Apr-2020 00:00:00,2.05513788236761,1.83702968018351,3.00075888264517,0.838275777789387
Tuesday 21-Apr-2020 01:00:00,2.04547717219087,1.81689889592275,2.99027319539957,0.822654242200178
Tuesday 21-Apr-2020 02:00:00,2.04910125561988,1.80755168548313,2.96569473327275,0.826036336226256
Tuesday 21-Apr-2020 03:00:00,2.07916213633935,1.82797803386622,3.00510906112526,0.844550455470759
Tuesday 21-Apr-2020 04:00:00,2.15173629109188,1.89622056286855,3.10600549053255,0.903004417623606
Tuesday 21-Apr-2020 05:00:00,2.22884073379399,2.00484759407847,3.26988548549657,1.00805030603778
Tuesday 21-Apr-2020 06:00:00,2.68808297855536,2.62472649448764,4.10779222294408,1.20462641228544
Tuesday 21-Apr-2020 07:00:00,3.14318783151775,3.07663393591452,4.80295900093278,1.48231544586378
Tuesday 21-Apr-2020 08:00:00,3.37753486983816,3.21352197007561,5.13224983161126,1.56991827806273
Tuesday 21-Apr-2020 09:00:00,3.42235626706829,3.17910397710836,5.14172392840396,1.59901263724754
Tuesday 21-Apr-2020 10:00:00,3.73505058688622,3.53658261630516,5.69453316035185,1.73579078497982
Tuesday 21-Apr-2020 11:00:00,3.88608525104676,3.57612894466152,5.8485500637239,1.65926322043918
Tuesday 21-Apr-2020 12:00:00,3.2658848441961,2.96052393171561,4.86779496093219,1.59822866352811
Tuesday 21-Apr-2020 13:00:00,3.84596245494133,3.56909021372933,5.82001304503893,1.65905758582528
Tuesday 21-Apr-2020 14:00:00,3.90692376223762,3.59354733457925,5.92328128115312,1.47584396013969
Tuesday 21-Apr-2020 15:00:00,3.02161962989295,2.68478596013173,4.4725455512734,1.31509954606512
Tuesday 21-Apr-2020 16:00:00,3.30419923916386,2.89404417182021,4.85290536920218,1.27853626695788
Tuesday 21-Apr-2020 17:00:00,3.4838945764756,3.09602001537097,5.24467900760025,1.30483663333553
Tuesday 21-Apr-2020 18:00:00,4.13184621038051,3.72941697153861,6.27656350327978,1.27387917201016
Tuesday 21-Apr-2020 19:00:00,3.33064600450622,2.96919768279794,4.94782673471835,1.15651438206199
Tuesday 21-Apr-2020 20:00:00,2.76305357950475,2.43441039207765,4.01800217131365,1.09115155375077
Tuesday 21-Apr-2020 21:00:00,2.73686740274097,2.41002078765625,3.97924989724829,1.02868605084758
Tuesday 21-Apr-2020 22:00:00,2.96786037530012,2.66627349944984,4.38001032428697,1.01845055975745
Tuesday 21-Apr-2020 23:00:00,3.28591166443924,2.92423201682105,4.91536851055385,1.03462083608628
Wednesday 22-Apr-2020 00:00:00,2.32072563124148,2.06997662287363,3.40423520784735,0.92827170980426
Wednesday 22-Apr-2020 01:00:00,2.36274223353508,2.0645863080621,3.4221546449009,0.93297879972183
Wednesday 22-Apr-2020 02:00:00,2.27349925707592,1.99584204546374,3.30253288100336,0.94729872277006
Wednesday 22-Apr-2020 03:00:00,2.39731553163149,2.09751953203487,3.49095501937125,0.994851640573635
Wednesday 22-Apr-2020 04:00:00,2.30366599932959,2.01387957562253,3.34748143822434,1.03643832481477
Wednesday 22-Apr-2020 05:00:00,2.37333257881434,2.10871436449839,3.48466213879395,1.19201629386938
Wednesday 22-Apr-2020 06:00:00,2.90916136982789,2.80179020103084,4.40105958642523,1.32503306317818
Wednesday 22-Apr-2020 07:00:00,3.30303282292583,3.14516700071167,4.99479591724612,1.56329223813335
Wednesday 22-Apr-2020 08:00:00,3.78618109232995,3.61529420471662,5.78887024629771,1.64480342022187
Wednesday 22-Apr-2020 09:00:00,3.79971190171426,3.59343948315204,5.77974416393227,1.65606807226033
Wednesday 22-Apr-2020 10:00:00,4.08681002262657,3.87594787744683,6.21514695039598,1.75983125988387
Wednesday 22-Apr-2020 11:00:00,4.00586747218811,3.74053193635713,6.05404757274041,1.67470612562782
Wednesday 22-Apr-2020 12:00:00,4.17032156628134,3.85186582442541,6.31431871635784,1.61057695864228
Wednesday 22-Apr-2020 13:00:00,4.59644289989549,4.25487621258157,6.96796697011568,1.74751437224751
Wednesday 22-Apr-2020 14:00:00,5.00144970895723,4.48882126604835,7.60892325170959,1.79345043494993
Wednesday 22-Apr-2020 15:00:00,3.49911812672423,3.08058762945465,5.17333470444142,1.42444651556254
Wednesday 22-Apr-2020 16:00:00,3.75299329443659,3.31261855977229,5.59386176653822,1.33604263102798
Wednesday 22-Apr-2020 17:00:00,3.62519596184354,3.20217003900173,5.40702611008494,1.33171574904702
Wednesday 22-Apr-2020 18:00:00,3.20889292155264,2.81028196325764,4.76443838120006,1.15357889474194
Wednesday 22-Apr-2020 19:00:00,2.48123366637028,2.1907136440533,3.62907187599264,1.05704960672073
Wednesday 22-Apr-2020 20:00:00,2.16021105776303,1.86844292038265,3.10646712730259,0.987553903904046
Wednesday 22-Apr-2020 21:00:00,2.10912849298587,1.82493062922597,3.01742555361747,0.936641864107004
Wednesday 22-Apr-2020 22:00:00,2.02071839415294,1.77269116206432,2.91940197226107,0.892478924706668
Wednesday 22-Apr-2020 23:00:00,2.08749897843835,1.79873248930769,2.98025569197675,0.911005757967462
Thursday 23-Apr-2020 00:00:00,2.05919001092503,1.789140024067,2.94054879052695,0.864140332828264
Thursday 23-Apr-2020 01:00:00,2.06721371766063,1.76233188863422,2.94264059204686,0.854949553876581
Thursday 23-Apr-2020 02:00:00,2.03048181653506,1.77775945663219,2.92188332831773,0.849709137470346
Thursday 23-Apr-2020 03:00:00,2.10011174984489,1.78504985854553,2.98298398433213,0.894378546752833
Thursday 23-Apr-2020 04:00:00,2.07665735693774,1.82484998166958,2.99481988734898,0.942264592069066
Thursday 23-Apr-2020 05:00:00,2.33973666275587,2.04855013049788,3.4038795342747,1.07510922182669
Thursday 23-Apr-2020 06:00:00,2.61814000219784,2.50413199497626,3.93262434278852,1.2797551271467
Thursday 23-Apr-2020 07:00:00,3.24478142784722,2.9872386264055,4.84624373201539,1.48853564863507
Thursday 23-Apr-2020 08:00:00,3.07869213974831,2.84600898220737,4.60801582523223,1.57983705004155
Thursday 23-Apr-2020 09:00:00,2.88101829296767,2.71897775528896,4.34553592837592,1.51673227046747
Thursday 23-Apr-2020 10:00:00,3.25029548706478,2.99289413645875,4.8539797834179,1.67156226736671
Thursday 23-Apr-2020 11:00:00,3.11323308740858,2.92514863038389,4.70091834673032,1.59730614718984
Thursday 23-Apr-2020 12:00:00,2.939454063894,2.7349647309995,4.43029075639051,1.50575032221727
Thursday 23-Apr-2020 13:00:00,3.30285982767759,2.98292015098667,4.93151576438843,1.62525419096378
Thursday 23-Apr-2020 14:00:00,3.15874056152852,2.75681675584242,4.63727317285219,1.5163760036498
Thursday 23-Apr-2020 15:00:00,2.63005161503284,2.21336865300883,3.78539533649116,1.24467798848274
Thursday 23-Apr-2020 16:00:00,2.58464758532976,2.18654506754437,3.72188118727866,1.12237844154085
Thursday 23-Apr-2020 17:00:00,2.33170141577891,2.05192056589383,3.39072628770563,1.03657488988863
Thursday 23-Apr-2020 18:00:00,2.35506763809828,2.0379030523566,3.39405657557453,0.927316750630302
Thursday 23-Apr-2020 19:00:00,2.14151158030809,1.87426339753593,3.08752771817126,0.868793058249848
Thursday 23-Apr-2020 20:00:00,2.07800337004536,1.84563751838132,3.02262290038512,0.864239715710188
Thursday 23-Apr-2020 21:00:00,2.28716858573791,1.97955770771722,3.29825247090999,0.826893709769286
Thursday 23-Apr-2020 22:00:00,2.18651070209824,1.91055096378087,3.14071167567737,0.810693967719075
Thursday 23-Apr-2020 23:00:00,2.05834053806656,1.79204380933494,2.95988942670986,0.842127343557413
Friday 24-Apr-2020 00:00:00,2.07200961188069,1.81396912185334,2.99265791981233,0.799171553593011
Friday 24-Apr-2020 01:00:00,2.09934173645288,1.84698442510835,3.02052740892044,0.793767402191682
Friday 24-Apr-2020 02:00:00,2.01362486685483,1.77383127682943,2.90489184814303,0.804948783581435
Friday 24-Apr-2020 03:00:00,2.06527514524974,1.81562382101754,2.98676152857744,0.855947197126294
Friday 24-Apr-2020 04:00:00,2.21239316180833,1.95579158605496,3.2020431900853,0.935634163101336
Friday 24-Apr-2020 05:00:00,2.51524981878355,2.30685445514312,3.74296406676238,1.11260787932597
Friday 24-Apr-2020 06:00:00,2.99663406714049,2.87881803184114,4.55846351232458,1.28077497040125
Friday 24-Apr-2020 07:00:00,3.10131441225327,3.02571093866718,4.72140330718918,1.41573467383493
Friday 24-Apr-2020 08:00:00,2.96712016062653,2.91201991733384,4.52083742424405,1.45534373160015
Friday 24-Apr-2020 09:00:00,2.96599037144033,2.88629633079709,4.5317909328036,1.46665302842833
Friday 24-Apr-2020 10:00:00,2.8627966684929,2.72780532286643,4.32824102034848,1.44195633199343
Friday 24-Apr-2020 11:00:00,2.76441555449972,2.64765907854252,4.18150846383477,1.42911094003963
Friday 24-Apr-2020 12:00:00,2.82962124139546,2.74040233530728,4.30056290994263,1.38499612872399
Friday 24-Apr-2020 13:00:00,2.90126300351701,2.81630589185258,4.41689927833369,1.44938122988064
Friday 24-Apr-2020 14:00:00,2.74546814020597,2.55676500436686,4.11039450970466,1.32681004474341
Friday 24-Apr-2020 15:00:00,2.36067937226545,2.15729373801918,3.50839626680333,1.18454106679008
Friday 24-Apr-2020 16:00:00,2.28769306268957,2.05320146168728,3.36786559262376,1.119156936108
Friday 24-Apr-2020 17:00:00,2.33144718516591,2.0837351771134,3.42372645927333,1.09953376031937
Friday 24-Apr-2020 18:00:00,2.25813725040335,2.00532343234633,3.30356874617238,1.03855462801914
Friday 24-Apr-2020 19:00:00,2.16203446231706,1.92297366219595,3.17569460698469,0.976765191666792
Friday 24-Apr-2020 20:00:00,-1,-1,-1,-1
Friday 24-Apr-2020 21:00:00,2.0492393034044,1.82375041323274,2.97405217794468,0.929988336670027
Friday 24-Apr-2020 22:00:00,1.99731356193053,1.76962366793401,2.90467926060238,0.876209629806354
Friday 24-Apr-2020 23:00:00,2.00728875758861,1.78190403685474,2.90736996918854,0.912785369307075
Saturday 25-Apr-2020 00:00:00,2.00434036427511,1.7897275360083,2.91065540557021,0.860921586614062
Saturday 25-Apr-2020 01:00:00,1.98171233815909,1.75914893832627,2.86922364975828,0.839430519411027
Saturday 25-Apr-2020 02:00:00,1.98588447262845,1.77129989261237,2.86837849837909,0.819219957046113
Saturday 25-Apr-2020 03:00:00,1.94858061186314,1.74622935398381,2.8392255089665,0.824203544018984
Saturday 25-Apr-2020 04:00:00,1.99202173299027,1.78087281290481,2.87944839636742,0.857878743853377
Saturday 25-Apr-2020 05:00:00,1.99809702241154,1.78001622980512,2.89914093812805,0.846891252838171
Saturday 25-Apr-2020 06:00:00,2.07666005515816,1.83653077934927,3.00764460773921,0.899807191451183
Saturday 25-Apr-2020 07:00:00,2.08066111206508,1.87272519281457,3.03407507402999,0.928826459051125
Saturday 25-Apr-2020 08:00:00,2.07249705641121,1.85333099918362,3.01667412547049,0.947692169659374
Saturday 25-Apr-2020 09:00:00,2.09737782320928,1.87802383049605,3.06706687676779,0.977390884219594
Saturday 25-Apr-2020 10:00:00,2.1862913118724,1.91933480100365,3.17899339432234,1.00695237908609
Saturday 25-Apr-2020 11:00:00,2.20728635963683,1.96587500860995,3.22428761073402,0.94813352956652
Saturday 25-Apr-2020 12:00:00,2.16013862507481,1.8855093630509,3.13210863893988,0.88682893272785
Saturday 25-Apr-2020 13:00:00,2.15722920793378,1.91070842481191,3.14975439585643,0.922703000632702
Saturday 25-Apr-2020 14:00:00,2.13326945408908,1.9176871981156,3.13208803393204,0.92750284531131
Saturday 25-Apr-2020 15:00:00,2.08637374775541,1.87070967829451,3.05944276318246,0.850665821946054
Saturday 25-Apr-2020 16:00:00,2.17028411971633,1.97800864336909,3.22311285810347,0.918440622324196
Saturday 25-Apr-2020 17:00:00,2.44726551274204,2.2476177541464,3.65342277249581,0.885229914522856
Saturday 25-Apr-2020 18:00:00,2.30677332379251,2.08467235272686,3.4021881617422,0.837102154472288
Saturday 25-Apr-2020 19:00:00,2.18384576332687,1.9322291717025,3.18141776225995,0.7923703415642
Saturday 25-Apr-2020 20:00:00,2.15497440248706,1.86443080707172,3.10607771159316,0.755375245982471
Saturday 25-Apr-2020 21:00:00,2.05889733932223,1.80395024697676,2.98073837016985,0.763748445230672
Saturday 25-Apr-2020 22:00:00,2.03743508762089,1.76642776927829,2.93208411577245,0.750947953326842
Saturday 25-Apr-2020 23:00:00,2.02113482467457,1.76259240224865,2.92578148745118,0.735348089159033
Sunday 26-Apr-2020 00:00:00,2.04775111030739,1.77001816569383,2.94046687547809,0.738863748266947
Sunday 26-Apr-2020 01:00:00,1.99391065431797,1.74220829413077,2.87544096808031,0.738486062563217
Sunday 26-Apr-2020 02:00:00,1.98816673365535,1.73738234937945,2.86280501068042,0.731629282910994
Sunday 26-Apr-2020 03:00:00,2.01304034649885,1.7611704631343,2.89841408067212,0.749205792947772
Sunday 26-Apr-2020 04:00:00,2.01084371582677,1.77135466279303,2.91323231757338,0.789316743027743
Sunday 26-Apr-2020 05:00:00,2.08404082646172,1.84041184694721,3.03297530795076,0.850232012345891
Sunday 26-Apr-2020 06:00:00,2.11328695987005,1.86683086340174,3.06600959928502,0.808286748330404
Sunday 26-Apr-2020 07:00:00,2.26057790653352,2.01136965957164,3.31019250890318,0.846515809015186
Sunday 26-Apr-2020 08:00:00,2.3247269537173,2.06357661744523,3.39541081071396,0.880291481630935
Sunday 26-Apr-2020 09:00:00,2.61911558834442,2.32725186919088,3.85707058635539,0.921177217544661
Sunday 26-Apr-2020 10:00:00,2.72795218762737,2.41618984805549,4.02514024596979,0.992917240134847
Sunday 26-Apr-2020 11:00:00,2.49544698642866,2.23537719456292,3.69347178479255,0.955829554451299
Sunday 26-Apr-2020 12:00:00,2.9597133580962,2.6764337137696,4.43761521873727,1.01871288153823
Sunday 26-Apr-2020 13:00:00,2.60552242433731,2.3209376303449,3.84354414021426,1.03698484857706
Sunday 26-Apr-2020 14:00:00,2.37159465437877,2.13431533512772,3.50148380836719,1.01670766828526
Sunday 26-Apr-2020 15:00:00,2.36490525362909,2.1037979827048,3.4510458927017,0.995682398208346
Sunday 26-Apr-2020 16:00:00,2.37453302107014,2.13618197908253,3.47809774265497,1.00242204403433
Sunday 26-Apr-2020 17:00:00,2.33316456369692,2.11225176994156,3.43315066713059,0.967843222274312
Sunday 26-Apr-2020 18:00:00,2.31380291995856,2.05977823494123,3.36863148398346,0.962253003727056
Sunday 26-Apr-2020 19:00:00,2.1612110639814,1.91503858869215,3.13016090268781,0.94865444122736
Sunday 26-Apr-2020 20:00:00,2.14988097128289,1.89449244042504,3.11732643106057,0.918144303532271
Sunday 26-Apr-2020 21:00:00,2.10207125615834,1.88151465985353,3.06353786286732,0.920899950045028
Sunday 26-Apr-2020 22:00:00,2.10207201511294,1.91004125239054,3.08418587358474,0.915836837898723
Sunday 26-Apr-2020 23:00:00,2.20047330956688,1.98920563226266,3.21188261988328,0.911428596019227
Monday 27-Apr-2020 00:00:00,2.06600141957191,1.87565521888781,3.02221966498574,0.878954885661169
Monday 27-Apr-2020 01:00:00,2.04728914785043,1.84344992189494,2.98876870040188,0.861692484594566
Monday 27-Apr-2020 02:00:00,2.04128533255883,1.80035067495751,2.9375465272355,0.863068499402188
Monday 27-Apr-2020 03:00:00,2.05298712579812,1.84695735877275,2.98319824813476,0.905584101036985
Monday 27-Apr-2020 04:00:00,2.16281253642883,1.91690887287373,3.10334838224108,0.961368997701776
Monday 27-Apr-2020 05:00:00,2.24403043189536,2.02596711460305,3.27964678878548,1.07304485389914
Monday 27-Apr-2020 06:00:00,2.68269714795489,2.57533110667573,4.02378403539532,1.23277107027876
Monday 27-Apr-2020 07:00:00,3.27969607327704,2.95441323187339,4.87770424461094,1.47070917082639
Monday 27-Apr-2020 08:00:00,3.10727907684578,2.85323224029314,4.62684748261825,1.5235135936081
Monday 27-Apr-2020 09:00:00,3.18327138032102,2.89106649033111,4.75796562592058,1.55688670310415
Monday 27-Apr-2020 10:00:00,3.43164202132972,3.08004841759184,5.08783971042434,1.62916636407098
Monday 27-Apr-2020 11:00:00,3.21689857109468,3.05355823832421,4.89656488773086,1.57352363965489
Monday 27-Apr-2020 12:00:00,3.22753085427737,2.9565554171257,4.82954004406398,1.5091377087032
Monday 27-Apr-2020 13:00:00,3.6891992267559,3.27090502460855,5.4914093434109,1.62576885305299
Monday 27-Apr-2020 14:00:00,3.33408761050072,2.91636729422205,4.91265828494102,1.5608611448493
Monday 27-Apr-2020 15:00:00,2.63050434411838,2.36266377282112,3.888335671073,1.32249895774715
Monday 27-Apr-2020 16:00:00,2.34827411660515,2.1062954810375,3.44004788658677,1.18439070194974
Monday 27-Apr-2020 17:00:00,2.28319562603417,2.01146709574276,3.3251544527522,1.07712331309987
Monday 27-Apr-2020 18:00:00,2.26936357223915,1.97850139215832,3.29262763589455,1.0314840825214
Monday 27-Apr-2020 19:00:00,2.17127521141693,1.93289299656801,3.16728129723395,0.987259916449115
Monday 27-Apr-2020 20:00:00,2.07538029483574,1.83540518747195,3.00194612536279,0.945556672620636
Monday 27-Apr-2020 21:00:00,2.07832613471404,1.8404241072929,3.01917566310635,0.942639978874683
Monday 27-Apr-2020 22:00:00,2.06372547276771,1.83292662752009,2.99172153800896,0.938079308564631
Monday 27-Apr-2020 23:00:00,2.04469317702591,1.82123659069967,2.96154752352509,0.932522462594753
Tuesday 28-Apr-2020 00:00:00,2.08025331238811,1.83617330115574,3.0070492272735,0.922163824785183
Tuesday 28-Apr-2020 01:00:00,2.15136723241748,1.8862379477961,3.106780962276,0.927988039091799
Tuesday 28-Apr-2020 02:00:00,2.04183614296639,1.78942189187065,2.93334426075531,0.915049343362369
Tuesday 28-Apr-2020 03:00:00,2.1169794264911,1.82361335322357,3.02641535393737,0.951418297736772
Tuesday 28-Apr-2020 04:00:00,2.14942281743025,1.87263779143521,3.08298567894434,0.98839448464738
Tuesday 28-Apr-2020 05:00:00,2.31757553107712,2.00763342256189,3.33025387815456,1.15057874129761
Tuesday 28-Apr-2020 06:00:00,2.65773692559832,2.54067624765563,4.00266590903767,1.32386202470344
Tuesday 28-Apr-2020 07:00:00,3.81008670321796,3.39349157212893,5.70768225821531,1.66247842403716
Tuesday 28-Apr-2020 08:00:00,3.77706046121689,3.33410414782023,5.65658762551853,1.67904750756474
Tuesday 28-Apr-2020 09:00:00,2.83259689861007,2.64403560249334,4.245127750875,1.50916926538832
Tuesday 28-Apr-2020 10:00:00,3.2219304251254,2.86183621570285,4.71825488869461,1.54870869489683
Tuesday 28-Apr-2020 11:00:00,3.62198993156276,3.20584006371248,5.35374699858691,1.65148484898212
Tuesday 28-Apr-2020 12:00:00,3.21288523181228,2.85508554354082,4.7155483344846,1.47230927154776
Tuesday 28-Apr-2020 13:00:00,3.16973890601132,2.89973980537229,4.7364411699558,1.48958393264453
Tuesday 28-Apr-2020 14:00:00,3.06595188202861,2.75896965508022,4.55359578339117,1.4869116408628
Tuesday 28-Apr-2020 15:00:00,2.48273202290181,2.14972348922047,3.60815153882621,1.23689261022169
Tuesday 28-Apr-2020 16:00:00,2.43763108174598,2.15043639277034,3.56894036179437,1.05652177598213
Tuesday 28-Apr-2020 17:00:00,2.18407781003975,1.93743302715982,3.21236077410496,0.996633932638243
Tuesday 28-Apr-2020 18:00:00,2.20267260579199,1.93470528241517,3.19588379051431,0.938332692065898
Tuesday 28-Apr-2020 19:00:00,2.14792949555897,1.86468980098964,3.09840778225804,0.892972152725751
Tuesday 28-Apr-2020 20:00:00,2.21344168825571,1.84425816370593,3.1406314815354,0.822405182050414
Tuesday 28-Apr-2020 21:00:00,2.22199832275824,1.81725902892338,3.13227810204168,0.835065754569761
Tuesday 28-Apr-2020 22:00:00,2.20762018674629,1.82044944161947,3.13124644181265,0.844236922324731
Tuesday 28-Apr-2020 23:00:00,2.14112320482119,1.80646712441309,3.06319180901877,0.79364043944325
Wednesday 29-Apr-2020 00:00:00,2.11302291731799,1.77961712581454,3.01083221059557,0.766511991670379
Wednesday 29-Apr-2020 01:00:00,2.11651598080935,1.77722778424987,2.98948352486042,0.768165257598537
Wednesday 29-Apr-2020 02:00:00,2.11154261787905,1.76268815906357,2.96330902200549,0.752160713262414
Wednesday 29-Apr-2020 03:00:00,2.08639378620629,1.75933471874133,2.9527756061127,0.779906197749545
Wednesday 29-Apr-2020 04:00:00,2.15841811689029,1.78902012414627,3.03024260720656,0.833933382958088
Wednesday 29-Apr-2020 05:00:00,2.37702848500117,2.035989631843,3.43247737553859,0.973326632022964
Wednesday 29-Apr-2020 06:00:00,2.75876326862548,2.67389633659845,4.16790745340302,1.21266811771584
Wednesday 29-Apr-2020 07:00:00,3.52325136884271,3.17022449866083,5.27006706265288,1.52882410519256
Wednesday 29-Apr-2020 08:00:00,3.27075931717584,3.03172159241374,4.9046935431044,1.5002536205766
Wednesday 29-Apr-2020 09:00:00,3.38214492177531,3.16855933778447,5.10824761212136,1.55954587356027
Wednesday 29-Apr-2020 10:00:00,3.94786377360692,3.50533776229664,5.87973069779672,1.65648585250392
Wednesday 29-Apr-2020 11:00:00,4.11428079115736,3.61874715875112,6.12312282253503,1.67302150273108
Wednesday 29-Apr-2020 12:00:00,3.3014232705705,3.09015340575705,4.96799172348838,1.45130547156442
Wednesday 29-Apr-2020 13:00:00,4.26879803395852,4.01264724124465,6.49375445071624,1.66943654540803
Wednesday 29-Apr-2020 14:00:00,3.60426823034566,3.25788422671943,5.37676150267743,1.53741073698274
Wednesday 29-Apr-2020 15:00:00,3.2295391459241,2.93592386078782,4.83644438474295,1.29310203487479
Wednesday 29-Apr-2020 16:00:00,3.06260424577248,2.7470051010321,4.52883963798291,1.20150196906286
Wednesday 29-Apr-2020 17:00:00,2.89289851100476,2.58821825093299,4.26501236752953,1.12494281460973
Wednesday 29-Apr-2020 18:00:00,2.5266279250562,2.28135471873218,3.71512596484261,1.05780179284619
Wednesday 29-Apr-2020 19:00:00,2.54227530819564,2.29519036113477,3.7363200712102,1.00473467433455
Wednesday 29-Apr-2020 20:00:00,2.57362541618532,2.29743192748888,3.77813624302907,0.995419899827438
Wednesday 29-Apr-2020 21:00:00,2.38661093633509,2.14232827755256,3.50121088443092,0.974508670432325
Wednesday 29-Apr-2020 22:00:00,2.29581497496878,2.05287412886502,3.35978779183387,0.984426481510057
Wednesday 29-Apr-2020 23:00:00,2.24941869426462,2.0043240265673,3.28795185365369,0.993945147565538
Thursday 30-Apr-2020 00:00:00,2.26004184564235,1.99077936787672,3.28182417001284,0.965936564681476
Thursday 30-Apr-2020 01:00:00,2.13041838342912,1.88234944525297,3.11092800964703,0.964583269277289
Thursday 30-Apr-2020 02:00:00,2.14083703974487,1.89910872667874,3.12681611605088,0.994857759674243
Thursday 30-Apr-2020 03:00:00,2.12247581759352,1.88663394845178,3.11222000614568,0.981625385688728
Thursday 30-Apr-2020 04:00:00,2.20781065670958,1.96026047638273,3.21897742463495,1.03146922677191
Thursday 30-Apr-2020 05:00:00,2.375427486543,2.1185799670229,3.4925325616998,1.17052503918801
Thursday 30-Apr-2020 06:00:00,2.74091619533228,2.7600659925874,4.24430193825782,1.31227456939531
Thursday 30-Apr-2020 07:00:00,3.28474325601384,3.2269988819854,5.02597422398727,1.53659503408926
Thursday 30-Apr-2020 08:00:00,3.48325937333301,3.35038238695982,5.29665588440707,1.64370164162679
Thursday 30-Apr-2020 09:00:00,3.34248328223738,3.13395046105428,5.03784015132069,1.59809924328926
Thursday 30-Apr-2020 10:00:00,3.52805156229686,3.41023018660241,5.40657122105218,1.67116357485377
Thursday 30-Apr-2020 11:00:00,5.57793593841923,5.23497601716733,8.57741175786415,1.87810761364969
Thursday 30-Apr-2020 12:00:00,6.09674084203632,5.77610083006269,9.57468632753395,1.74444471973645
Thursday 30-Apr-2020 13:00:00,6.25657553914137,5.91003356590043,9.67488881918154,1.87491524613685
Thursday 30-Apr-2020 14:00:00,7.7892272869078,7.17507176354172,12.1167896405783,1.90632660734929
Thursday 30-Apr-2020 15:00:00,7.89432574193256,7.18572139430832,12.7966540444788,1.68209452981772
Thursday 30-Apr-2020 16:00:00,7.05128476978626,6.45416081544723,11.1285647756892,1.54353466350007
Thursday 30-Apr-2020 17:00:00,6.12651164683461,5.64373533957954,9.74971142117979,1.41329495097442
Thursday 30-Apr-2020 18:00:00,5.18725740477804,4.81302656109116,8.02062790438081,1.30088505149418
Thursday 30-Apr-2020 19:00:00,4.6061435185971,4.24472455523961,7.08456730323291,1.24106228214663
Thursday 30-Apr-2020 20:00:00,3.48676335743855,3.20885161772574,5.30289934643614,1.15857206117897
Thursday 30-Apr-2020 21:00:00,2.82998510939137,2.55271473818831,4.16455459751477,1.12821742980849
Thursday 30-Apr-2020 22:00:00,2.40148258938115,2.18739690708336,3.55313000625304,1.11019656861281
Thursday 30-Apr-2020 23:00:00,2.26971883726901,2.02611949086264,3.32797094050088,1.09816147353071
