outputtimes,outputvec
Sunday 01-Mar-2020 00:00:00,1.92561678430575
Sunday 01-Mar-2020 01:00:00,2.22141096302928
Sunday 01-Mar-2020 02:00:00,1.76049235537486
Sunday 01-Mar-2020 03:00:00,1.20602653370479
Sunday 01-Mar-2020 04:00:00,1.47065744935159
Sunday 01-Mar-2020 05:00:00,1.29492599531144
Sunday 01-Mar-2020 06:00:00,1.18483472827789
Sunday 01-Mar-2020 07:00:00,2.11258135938004
Sunday 01-Mar-2020 08:00:00,2.95310570981354
Sunday 01-Mar-2020 09:00:00,3.40969206820792
Sunday 01-Mar-2020 10:00:00,3.27202791349137
Sunday 01-Mar-2020 11:00:00,3.63306573938136
Sunday 01-Mar-2020 12:00:00,3.16383206465409
Sunday 01-Mar-2020 13:00:00,3.77862408820989
Sunday 01-Mar-2020 14:00:00,3.48358053349328
Sunday 01-Mar-2020 15:00:00,3.92058669079004
Sunday 01-Mar-2020 16:00:00,3.60011573888026
Sunday 01-Mar-2020 17:00:00,2.55401644473954
Sunday 01-Mar-2020 18:00:00,1.66004900887426
Sunday 01-Mar-2020 19:00:00,1.81879080710235
Sunday 01-Mar-2020 20:00:00,1.83202983964054
Sunday 01-Mar-2020 21:00:00,1.53606640481458
Sunday 01-Mar-2020 22:00:00,1.75114248420852
Sunday 01-Mar-2020 23:00:00,1.78848166517487
Monday 02-Mar-2020 00:00:00,1.6426097122161
Monday 02-Mar-2020 01:00:00,2.15538086348252
Monday 02-Mar-2020 02:00:00,1.53438369821024
Monday 02-Mar-2020 03:00:00,1.80222085217101
Monday 02-Mar-2020 04:00:00,1.85112578358864
Monday 02-Mar-2020 05:00:00,0.981750137933952
Monday 02-Mar-2020 06:00:00,0.938083151964686
Monday 02-Mar-2020 07:00:00,2.62087771557545
Monday 02-Mar-2020 08:00:00,2.89732635372683
Monday 02-Mar-2020 09:00:00,3.94736198829885
Monday 02-Mar-2020 10:00:00,4.61909081963107
Monday 02-Mar-2020 11:00:00,4.264680527308
Monday 02-Mar-2020 12:00:00,3.7366651798986
Monday 02-Mar-2020 13:00:00,3.80784278386945
Monday 02-Mar-2020 14:00:00,4.3007945002445
Monday 02-Mar-2020 15:00:00,5.54110398145833
Monday 02-Mar-2020 16:00:00,6.79439720161644
Monday 02-Mar-2020 17:00:00,5.93114660078471
Monday 02-Mar-2020 18:00:00,5.54170627826631
Monday 02-Mar-2020 19:00:00,6.22497657291442
Monday 02-Mar-2020 20:00:00,5.36379840535915
Monday 02-Mar-2020 21:00:00,4.1749451094196
Monday 02-Mar-2020 22:00:00,4.72179344458579
Monday 02-Mar-2020 23:00:00,5.33657193336696
Tuesday 03-Mar-2020 00:00:00,3.54727595017172
Tuesday 03-Mar-2020 01:00:00,2.83572448120993
Tuesday 03-Mar-2020 02:00:00,2.59814036059127
Tuesday 03-Mar-2020 03:00:00,2.34907783325003
Tuesday 03-Mar-2020 04:00:00,3.09749899112171
Tuesday 03-Mar-2020 05:00:00,2.05199090316372
Tuesday 03-Mar-2020 06:00:00,1.48817561687681
Tuesday 03-Mar-2020 07:00:00,1.39528969512906
Tuesday 03-Mar-2020 08:00:00,1.39522996909709
Tuesday 03-Mar-2020 09:00:00,1.44931018074117
Tuesday 03-Mar-2020 10:00:00,2.92549141171189
Tuesday 03-Mar-2020 11:00:00,3.59691997872254
Tuesday 03-Mar-2020 12:00:00,2.26575962243718
Tuesday 03-Mar-2020 13:00:00,2.1375999001996
Tuesday 03-Mar-2020 14:00:00,2.98702750796395
Tuesday 03-Mar-2020 15:00:00,2.96133415878722
Tuesday 03-Mar-2020 16:00:00,2.15422066341094
Tuesday 03-Mar-2020 17:00:00,2.03203510468364
Tuesday 03-Mar-2020 18:00:00,2.22866532986502
Tuesday 03-Mar-2020 19:00:00,2.12649947096161
Tuesday 03-Mar-2020 20:00:00,2.6002884455383
Tuesday 03-Mar-2020 21:00:00,3.80825856965271
Tuesday 03-Mar-2020 22:00:00,3.69082195000879
Tuesday 03-Mar-2020 23:00:00,3.6922215534824
Wednesday 04-Mar-2020 00:00:00,2.83375487060308
Wednesday 04-Mar-2020 01:00:00,3.13097428925886
Wednesday 04-Mar-2020 02:00:00,3.30111092411832
Wednesday 04-Mar-2020 03:00:00,3.06126335576234
Wednesday 04-Mar-2020 04:00:00,3.41969784240265
Wednesday 04-Mar-2020 05:00:00,3.30514750049071
Wednesday 04-Mar-2020 06:00:00,2.98026844428484
Wednesday 04-Mar-2020 07:00:00,2.12029872109254
Wednesday 04-Mar-2020 08:00:00,3.83590493451893
Wednesday 04-Mar-2020 09:00:00,4.73926857929224
Wednesday 04-Mar-2020 10:00:00,4.83514908422343
Wednesday 04-Mar-2020 11:00:00,4.57259955240634
Wednesday 04-Mar-2020 12:00:00,3.96642156105475
Wednesday 04-Mar-2020 13:00:00,3.84339259856011
Wednesday 04-Mar-2020 14:00:00,4.16763322122601
Wednesday 04-Mar-2020 15:00:00,3.67344071228415
Wednesday 04-Mar-2020 16:00:00,3.45427271650633
Wednesday 04-Mar-2020 17:00:00,2.95502397057396
Wednesday 04-Mar-2020 18:00:00,1.66183480384009
Wednesday 04-Mar-2020 19:00:00,1.38473824241262
Wednesday 04-Mar-2020 20:00:00,1.95136704218692
Wednesday 04-Mar-2020 21:00:00,1.48183444869302
Wednesday 04-Mar-2020 22:00:00,2.34257692865499
Wednesday 04-Mar-2020 23:00:00,2.43556974853934
Thursday 05-Mar-2020 00:00:00,2.42566142182567
Thursday 05-Mar-2020 01:00:00,3.2305572274764
Thursday 05-Mar-2020 02:00:00,2.86934951978086
Thursday 05-Mar-2020 03:00:00,2.09491447717244
Thursday 05-Mar-2020 04:00:00,2.261083810919
Thursday 05-Mar-2020 05:00:00,1.92665513260677
Thursday 05-Mar-2020 06:00:00,2.05195029179559
Thursday 05-Mar-2020 07:00:00,1.50465942990432
Thursday 05-Mar-2020 08:00:00,1.88723784051366
Thursday 05-Mar-2020 09:00:00,2.0472339061931
Thursday 05-Mar-2020 10:00:00,1.77660725354067
Thursday 05-Mar-2020 11:00:00,1.46150607251561
Thursday 05-Mar-2020 12:00:00,1.19714939195852
Thursday 05-Mar-2020 13:00:00,1.34133018554965
Thursday 05-Mar-2020 14:00:00,2.33612927724473
Thursday 05-Mar-2020 15:00:00,2.30531993441257
Thursday 05-Mar-2020 16:00:00,2.61734598400746
Thursday 05-Mar-2020 17:00:00,2.26204185048229
Thursday 05-Mar-2020 18:00:00,1.33803549394284
Thursday 05-Mar-2020 19:00:00,1.80286808539431
Thursday 05-Mar-2020 20:00:00,1.1879955106537
Thursday 05-Mar-2020 21:00:00,1.37689263682153
Thursday 05-Mar-2020 22:00:00,1.59838460119376
Thursday 05-Mar-2020 23:00:00,2.02686128451522
Friday 06-Mar-2020 00:00:00,2.40485619805703
Friday 06-Mar-2020 01:00:00,1.6370196496479
Friday 06-Mar-2020 02:00:00,1.47139389695622
Friday 06-Mar-2020 03:00:00,1.34845590707792
Friday 06-Mar-2020 04:00:00,1.45636533878007
Friday 06-Mar-2020 05:00:00,1.88250719343468
Friday 06-Mar-2020 06:00:00,1.70063713550736
Friday 06-Mar-2020 07:00:00,1.86127196651466
Friday 06-Mar-2020 08:00:00,1.82847842025366
Friday 06-Mar-2020 09:00:00,1.86368809979925
Friday 06-Mar-2020 10:00:00,2.57542876689171
Friday 06-Mar-2020 11:00:00,1.69445173040328
Friday 06-Mar-2020 12:00:00,1.83816031219623
Friday 06-Mar-2020 13:00:00,2.16621790224345
Friday 06-Mar-2020 14:00:00,2.60163410186752
Friday 06-Mar-2020 15:00:00,2.85566688066611
Friday 06-Mar-2020 16:00:00,2.91864694678887
Friday 06-Mar-2020 17:00:00,2.09710117384292
Friday 06-Mar-2020 18:00:00,1.43172291609605
Friday 06-Mar-2020 19:00:00,1.52216950435883
Friday 06-Mar-2020 20:00:00,2.11801794137821
Friday 06-Mar-2020 21:00:00,1.50924926149836
Friday 06-Mar-2020 22:00:00,2.19514616066144
Friday 06-Mar-2020 23:00:00,1.76290479984976
Saturday 07-Mar-2020 00:00:00,1.63110392066232
Saturday 07-Mar-2020 01:00:00,1.14869491162797
Saturday 07-Mar-2020 02:00:00,1.56428897586092
Saturday 07-Mar-2020 03:00:00,1.52681585879459
Saturday 07-Mar-2020 04:00:00,2.04446406995411
Saturday 07-Mar-2020 05:00:00,2.80288541804096
Saturday 07-Mar-2020 06:00:00,3.21540562500804
Saturday 07-Mar-2020 07:00:00,3.74679863350034
Saturday 07-Mar-2020 08:00:00,4.29257110210963
Saturday 07-Mar-2020 09:00:00,4.10034551389677
Saturday 07-Mar-2020 10:00:00,3.698400555195
Saturday 07-Mar-2020 11:00:00,4.33998847924738
Saturday 07-Mar-2020 12:00:00,3.53048627434428
Saturday 07-Mar-2020 13:00:00,3.52982530257046
Saturday 07-Mar-2020 14:00:00,3.95657680324798
Saturday 07-Mar-2020 15:00:00,2.86167200543086
Saturday 07-Mar-2020 16:00:00,3.06496329504939
Saturday 07-Mar-2020 17:00:00,2.25713682940726
Saturday 07-Mar-2020 18:00:00,1.89481898424384
Saturday 07-Mar-2020 19:00:00,1.81677369715291
Saturday 07-Mar-2020 20:00:00,1.5801371248513
Saturday 07-Mar-2020 21:00:00,1.72254656444076
Saturday 07-Mar-2020 22:00:00,1.18384965261641
Saturday 07-Mar-2020 23:00:00,1.14477071940192
Sunday 08-Mar-2020 00:00:00,0.720647856677124
Sunday 08-Mar-2020 01:00:00,0.697734428943659
Sunday 08-Mar-2020 03:00:00,0.95008771524879
Sunday 08-Mar-2020 04:00:00,1.2581070436705
Sunday 08-Mar-2020 05:00:00,1.57167638738599
Sunday 08-Mar-2020 06:00:00,1.67541039748475
Sunday 08-Mar-2020 07:00:00,1.37264950612553
Sunday 08-Mar-2020 08:00:00,2.13490827281486
Sunday 08-Mar-2020 09:00:00,2.23293528791141
Sunday 08-Mar-2020 10:00:00,2.75442068924363
Sunday 08-Mar-2020 11:00:00,2.61393700510679
Sunday 08-Mar-2020 12:00:00,2.92361078120874
Sunday 08-Mar-2020 13:00:00,4.11823182122295
Sunday 08-Mar-2020 14:00:00,3.49072580800421
Sunday 08-Mar-2020 15:00:00,3.47092686948794
Sunday 08-Mar-2020 16:00:00,4.01225206918342
Sunday 08-Mar-2020 17:00:00,2.94428825581554
Sunday 08-Mar-2020 18:00:00,2.67650269319249
Sunday 08-Mar-2020 19:00:00,1.30650264161324
Sunday 08-Mar-2020 20:00:00,2.82223315833402
Sunday 08-Mar-2020 21:00:00,2.98376160799306
Sunday 08-Mar-2020 22:00:00,3.28067574340003
Sunday 08-Mar-2020 23:00:00,3.12841813062129
Monday 09-Mar-2020 00:00:00,3.41433253604078
Monday 09-Mar-2020 01:00:00,3.11651514783206
Monday 09-Mar-2020 02:00:00,3.58382942302411
Monday 09-Mar-2020 03:00:00,3.79097612759564
Monday 09-Mar-2020 04:00:00,3.3540522754821
Monday 09-Mar-2020 05:00:00,1.9460644045526
Monday 09-Mar-2020 06:00:00,1.89006172738705
Monday 09-Mar-2020 07:00:00,2.10063482468197
Monday 09-Mar-2020 08:00:00,2.78271450206449
Monday 09-Mar-2020 09:00:00,2.54980391402947
Monday 09-Mar-2020 10:00:00,2.72714747187117
Monday 09-Mar-2020 11:00:00,3.57230084586018
Monday 09-Mar-2020 12:00:00,4.16395244929622
Monday 09-Mar-2020 13:00:00,3.5602434373696
Monday 09-Mar-2020 14:00:00,3.62574130351298
Monday 09-Mar-2020 15:00:00,5.26306311318165
Monday 09-Mar-2020 16:00:00,5.51664149037558
Monday 09-Mar-2020 17:00:00,5.49210038752631
Monday 09-Mar-2020 18:00:00,4.72348741221286
Monday 09-Mar-2020 19:00:00,3.93696088588001
Monday 09-Mar-2020 20:00:00,3.38311986190262
Monday 09-Mar-2020 21:00:00,4.28748177838694
Monday 09-Mar-2020 22:00:00,3.41538187225577
Monday 09-Mar-2020 23:00:00,3.39315487415473
Tuesday 10-Mar-2020 00:00:00,3.86505713627453
Tuesday 10-Mar-2020 01:00:00,3.66287682930598
Tuesday 10-Mar-2020 02:00:00,3.56426710559127
Tuesday 10-Mar-2020 03:00:00,3.45217322856197
Tuesday 10-Mar-2020 04:00:00,3.30461798094727
Tuesday 10-Mar-2020 05:00:00,3.0976873093756
Tuesday 10-Mar-2020 06:00:00,3.1256199385082
Tuesday 10-Mar-2020 07:00:00,3.16730695281233
Tuesday 10-Mar-2020 08:00:00,3.62633883322192
Tuesday 10-Mar-2020 09:00:00,3.63549629807724
Tuesday 10-Mar-2020 10:00:00,4.07923603958715
Tuesday 10-Mar-2020 11:00:00,4.82616134555542
Tuesday 10-Mar-2020 12:00:00,6.9898140175544
Tuesday 10-Mar-2020 13:00:00,6.28028661766324
Tuesday 10-Mar-2020 14:00:00,5.95429816743054
Tuesday 10-Mar-2020 15:00:00,6.83132490809799
Tuesday 10-Mar-2020 16:00:00,5.75307164333396
Tuesday 10-Mar-2020 17:00:00,5.38859907582667
Tuesday 10-Mar-2020 18:00:00,4.9989832299512
Tuesday 10-Mar-2020 19:00:00,5.00638575272469
Tuesday 10-Mar-2020 20:00:00,4.1275497170436
Tuesday 10-Mar-2020 21:00:00,3.47320697146984
Tuesday 10-Mar-2020 22:00:00,3.0802867831854
Tuesday 10-Mar-2020 23:00:00,3.48532638356869
Wednesday 11-Mar-2020 00:00:00,2.56745658840288
Wednesday 11-Mar-2020 01:00:00,3.19470916777516
Wednesday 11-Mar-2020 02:00:00,2.90556936474305
Wednesday 11-Mar-2020 03:00:00,1.80369990112916
Wednesday 11-Mar-2020 04:00:00,1.88011524469468
Wednesday 11-Mar-2020 05:00:00,1.31110640300473
Wednesday 11-Mar-2020 06:00:00,1.72713635825316
Wednesday 11-Mar-2020 07:00:00,1.90298011900633
Wednesday 11-Mar-2020 08:00:00,1.51250344352225
Wednesday 11-Mar-2020 09:00:00,2.09399936326001
Wednesday 11-Mar-2020 10:00:00,1.97787765041218
Wednesday 11-Mar-2020 11:00:00,1.33628839202721
Wednesday 11-Mar-2020 12:00:00,1.41468488835264
Wednesday 11-Mar-2020 13:00:00,0.918694726228468
Wednesday 11-Mar-2020 14:00:00,1.29086534283531
Wednesday 11-Mar-2020 15:00:00,1.24137021069462
Wednesday 11-Mar-2020 16:00:00,1.35965681944624
Wednesday 11-Mar-2020 17:00:00,1.74308156244432
Wednesday 11-Mar-2020 18:00:00,1.97678189658512
Wednesday 11-Mar-2020 19:00:00,2.1848088773411
Wednesday 11-Mar-2020 20:00:00,2.06937993933771
Wednesday 11-Mar-2020 21:00:00,1.84386369705934
Wednesday 11-Mar-2020 22:00:00,1.01456066025316
Wednesday 11-Mar-2020 23:00:00,0.653452370108182
Thursday 12-Mar-2020 00:00:00,1.30185764710791
Thursday 12-Mar-2020 01:00:00,0.858195781858662
Thursday 12-Mar-2020 02:00:00,1.16468879963705
Thursday 12-Mar-2020 03:00:00,0.832766473868875
Thursday 12-Mar-2020 04:00:00,0.759385716659635
Thursday 12-Mar-2020 05:00:00,0.635872104540947
Thursday 12-Mar-2020 06:00:00,0.820467346496292
Thursday 12-Mar-2020 07:00:00,0.930143358126406
Thursday 12-Mar-2020 08:00:00,0.968331899023608
Thursday 12-Mar-2020 09:00:00,1.04880884817015
Thursday 12-Mar-2020 10:00:00,1.25485722959493
Thursday 12-Mar-2020 11:00:00,2.26822250525237
Thursday 12-Mar-2020 12:00:00,2.01965343561711
Thursday 12-Mar-2020 13:00:00,2.46326341804255
Thursday 12-Mar-2020 14:00:00,2.73084236088427
Thursday 12-Mar-2020 15:00:00,2.4919537181363
Thursday 12-Mar-2020 16:00:00,2.60269091518759
Thursday 12-Mar-2020 17:00:00,3.14883576368579
Thursday 12-Mar-2020 18:00:00,2.54669720749575
Thursday 12-Mar-2020 19:00:00,2.40810777392696
Thursday 12-Mar-2020 20:00:00,2.64685347787393
Thursday 12-Mar-2020 21:00:00,2.55150282513398
Thursday 12-Mar-2020 22:00:00,2.76869403630424
Thursday 12-Mar-2020 23:00:00,2.61619953367475
Friday 13-Mar-2020 00:00:00,2.18273528705002
Friday 13-Mar-2020 01:00:00,3.07259390960363
Friday 13-Mar-2020 02:00:00,2.32769557001483
Friday 13-Mar-2020 03:00:00,1.99728983041187
Friday 13-Mar-2020 04:00:00,1.77576274691563
Friday 13-Mar-2020 05:00:00,1.74857084500457
Friday 13-Mar-2020 06:00:00,2.87289053045883
Friday 13-Mar-2020 07:00:00,2.76514014111401
Friday 13-Mar-2020 08:00:00,2.70902811601012
Friday 13-Mar-2020 09:00:00,3.53899703305894
Friday 13-Mar-2020 10:00:00,3.84787820320065
Friday 13-Mar-2020 11:00:00,3.98139422815676
Friday 13-Mar-2020 12:00:00,3.40129877154791
Friday 13-Mar-2020 13:00:00,3.94624293896528
Friday 13-Mar-2020 14:00:00,5.06229526334975
Friday 13-Mar-2020 15:00:00,4.69199673202501
Friday 13-Mar-2020 16:00:00,4.28367054444355
Friday 13-Mar-2020 17:00:00,4.78185807680097
Friday 13-Mar-2020 18:00:00,5.50834215833887
Friday 13-Mar-2020 19:00:00,3.64384784515546
Friday 13-Mar-2020 20:00:00,3.80177590081267
Friday 13-Mar-2020 21:00:00,3.7030392922571
Friday 13-Mar-2020 22:00:00,3.84556021059784
Friday 13-Mar-2020 23:00:00,4.31493530272085
Saturday 14-Mar-2020 00:00:00,2.57688442374378
Saturday 14-Mar-2020 01:00:00,2.72919402021916
Saturday 14-Mar-2020 02:00:00,3.23426962388729
Saturday 14-Mar-2020 03:00:00,3.13926743046845
Saturday 14-Mar-2020 04:00:00,2.61966919031138
Saturday 14-Mar-2020 05:00:00,2.71366910289372
Saturday 14-Mar-2020 06:00:00,1.92522725931252
Saturday 14-Mar-2020 07:00:00,2.16979261681848
Saturday 14-Mar-2020 08:00:00,2.72928562081729
Saturday 14-Mar-2020 09:00:00,3.50444955259263
Saturday 14-Mar-2020 10:00:00,3.24217005517395
Saturday 14-Mar-2020 11:00:00,2.69756062644259
Saturday 14-Mar-2020 12:00:00,2.55218860327106
Saturday 14-Mar-2020 13:00:00,2.51339743507999
Saturday 14-Mar-2020 14:00:00,2.18517733834122
Saturday 14-Mar-2020 15:00:00,2.74071158643152
Saturday 14-Mar-2020 16:00:00,2.77797888160919
Saturday 14-Mar-2020 17:00:00,2.36287254558232
Saturday 14-Mar-2020 18:00:00,2.54017715917611
Saturday 14-Mar-2020 19:00:00,1.88643687087499
Saturday 14-Mar-2020 20:00:00,1.76224288904793
Saturday 14-Mar-2020 21:00:00,1.38136406014731
Saturday 14-Mar-2020 22:00:00,2.12194878983134
Saturday 14-Mar-2020 23:00:00,2.84464409021586
Sunday 15-Mar-2020 00:00:00,1.87056141305224
Sunday 15-Mar-2020 01:00:00,1.7235138525698
Sunday 15-Mar-2020 02:00:00,1.26682016613777
Sunday 15-Mar-2020 03:00:00,1.57876534038469
Sunday 15-Mar-2020 04:00:00,1.01118742080783
Sunday 15-Mar-2020 05:00:00,0.92484232890441
Sunday 15-Mar-2020 06:00:00,1.49671863309931
Sunday 15-Mar-2020 07:00:00,1.69514011220312
Sunday 15-Mar-2020 08:00:00,2.25872382847778
Sunday 15-Mar-2020 09:00:00,2.71416039810964
Sunday 15-Mar-2020 10:00:00,2.43180317185965
Sunday 15-Mar-2020 11:00:00,2.05276236650357
Sunday 15-Mar-2020 12:00:00,2.02472220316763
Sunday 15-Mar-2020 13:00:00,2.09053422199526
Sunday 15-Mar-2020 14:00:00,2.00536779668967
Sunday 15-Mar-2020 15:00:00,2.07195559797984
Sunday 15-Mar-2020 16:00:00,1.95234901251458
Sunday 15-Mar-2020 17:00:00,2.16821739377459
Sunday 15-Mar-2020 18:00:00,1.40984632732318
Sunday 15-Mar-2020 19:00:00,0.945193012304087
Sunday 15-Mar-2020 20:00:00,1.31250396824797
Sunday 15-Mar-2020 21:00:00,1.20816665517083
Sunday 15-Mar-2020 22:00:00,1.20692446601544
Sunday 15-Mar-2020 23:00:00,1.98523718146388
Monday 16-Mar-2020 00:00:00,2.49739864659209
Monday 16-Mar-2020 01:00:00,2.60889504068932
Monday 16-Mar-2020 02:00:00,2.6268802789621
Monday 16-Mar-2020 03:00:00,2.20786473015596
Monday 16-Mar-2020 04:00:00,2.37504385924415
Monday 16-Mar-2020 05:00:00,2.22358569282439
Monday 16-Mar-2020 06:00:00,2.47497474734592
Monday 16-Mar-2020 07:00:00,2.34577634625867
Monday 16-Mar-2020 08:00:00,2.72665851669524
Monday 16-Mar-2020 09:00:00,3.81497051102626
Monday 16-Mar-2020 10:00:00,3.30567693521312
Monday 16-Mar-2020 11:00:00,2.42779049068627
Monday 16-Mar-2020 12:00:00,3.25312670108825
Monday 16-Mar-2020 13:00:00,3.24663928804336
Monday 16-Mar-2020 14:00:00,3.55668384875575
Monday 16-Mar-2020 15:00:00,3.70922273978435
Monday 16-Mar-2020 16:00:00,3.32798737978376
Monday 16-Mar-2020 17:00:00,4.00659872377224
Monday 16-Mar-2020 18:00:00,3.60437234480568
Monday 16-Mar-2020 19:00:00,3.92145337982864
Monday 16-Mar-2020 20:00:00,3.42641698182421
Monday 16-Mar-2020 21:00:00,2.74201872106422
Monday 16-Mar-2020 22:00:00,2.7118566825455
Monday 16-Mar-2020 23:00:00,1.74030648641745
Tuesday 17-Mar-2020 00:00:00,1.62234398325386
Tuesday 17-Mar-2020 01:00:00,1.30575648572006
Tuesday 17-Mar-2020 02:00:00,1.05877287460531
Tuesday 17-Mar-2020 03:00:00,1.03214985992022
Tuesday 17-Mar-2020 04:00:00,1.20138808606267
Tuesday 17-Mar-2020 05:00:00,1.01587400793602
Tuesday 17-Mar-2020 06:00:00,1.05971694333912
Tuesday 17-Mar-2020 07:00:00,1.1473883387938
Tuesday 17-Mar-2020 08:00:00,1.00507047845744
Tuesday 17-Mar-2020 09:00:00,0.851762877801093
Tuesday 17-Mar-2020 10:00:00,1.1373946837693
Tuesday 17-Mar-2020 11:00:00,1.24853247187782
Tuesday 17-Mar-2020 12:00:00,2.00062490237426
Tuesday 17-Mar-2020 13:00:00,2.2446974554863
Tuesday 17-Mar-2020 14:00:00,2.55737495621324
Tuesday 17-Mar-2020 15:00:00,2.73020145776827
Tuesday 17-Mar-2020 16:00:00,2.42322099693775
Tuesday 17-Mar-2020 17:00:00,2.80843966168642
Tuesday 17-Mar-2020 18:00:00,2.33134439040367
Tuesday 17-Mar-2020 19:00:00,1.48609373064796
Tuesday 17-Mar-2020 20:00:00,1.56231665590985
Tuesday 17-Mar-2020 21:00:00,1.62444862440563
Tuesday 17-Mar-2020 22:00:00,1.78222707120427
Tuesday 17-Mar-2020 23:00:00,1.47212997614568
Wednesday 18-Mar-2020 00:00:00,1.90564949557887
Wednesday 18-Mar-2020 01:00:00,1.56636521922571
Wednesday 18-Mar-2020 02:00:00,1.48082184388715
Wednesday 18-Mar-2020 03:00:00,1.00581641797431
Wednesday 18-Mar-2020 04:00:00,1.05237825899246
Wednesday 18-Mar-2020 05:00:00,0.995154929311679
Wednesday 18-Mar-2020 06:00:00,0.88147603484156
Wednesday 18-Mar-2020 07:00:00,0.596797006248076
Wednesday 18-Mar-2020 08:00:00,1.32268665979513
Wednesday 18-Mar-2020 09:00:00,2.14040494611028
Wednesday 18-Mar-2020 10:00:00,2.28381989949587
Wednesday 18-Mar-2020 11:00:00,1.83134740924089
Wednesday 18-Mar-2020 12:00:00,2.1095023109729
Wednesday 18-Mar-2020 13:00:00,2.25048142997597
Wednesday 18-Mar-2020 14:00:00,2.35244553603266
Wednesday 18-Mar-2020 15:00:00,2.78798015296618
Wednesday 18-Mar-2020 16:00:00,3.01570887189065
Wednesday 18-Mar-2020 17:00:00,3.13963904507084
Wednesday 18-Mar-2020 18:00:00,3.60358617675967
Wednesday 18-Mar-2020 19:00:00,3.33077585505392
Wednesday 18-Mar-2020 20:00:00,2.36826237285202
Wednesday 18-Mar-2020 21:00:00,2.42803075213913
Wednesday 18-Mar-2020 22:00:00,2.76333132287824
Wednesday 18-Mar-2020 23:00:00,2.20465416789119
Thursday 19-Mar-2020 00:00:00,2.19848432637882
Thursday 19-Mar-2020 01:00:00,1.31624465810882
Thursday 19-Mar-2020 02:00:00,2.12830135710774
Thursday 19-Mar-2020 03:00:00,2.39958329715807
Thursday 19-Mar-2020 04:00:00,3.24471364940986
Thursday 19-Mar-2020 05:00:00,2.60521912066273
Thursday 19-Mar-2020 06:00:00,2.03359287960988
Thursday 19-Mar-2020 07:00:00,2.21577676372568
Thursday 19-Mar-2020 08:00:00,2.30875146634135
Thursday 19-Mar-2020 09:00:00,2.43337899500537
Thursday 19-Mar-2020 10:00:00,2.32737334062816
Thursday 19-Mar-2020 11:00:00,2.2445118251712
Thursday 19-Mar-2020 12:00:00,1.80379230142128
Thursday 19-Mar-2020 13:00:00,1.75627446602175
Thursday 19-Mar-2020 14:00:00,1.44977009671649
Thursday 19-Mar-2020 15:00:00,1.27834528460298
Thursday 19-Mar-2020 16:00:00,1.20464379244101
Thursday 19-Mar-2020 17:00:00,1.01472492167418
Thursday 19-Mar-2020 18:00:00,0.930591209930547
Thursday 19-Mar-2020 19:00:00,0.747991661333018
Thursday 19-Mar-2020 20:00:00,0.637965516309463
Thursday 19-Mar-2020 21:00:00,1.12753418277821
Thursday 19-Mar-2020 22:00:00,1.84110474081913
Thursday 19-Mar-2020 23:00:00,1.74164673034842
Friday 20-Mar-2020 00:00:00,1.81475434517549
Friday 20-Mar-2020 01:00:00,2.29150605497782
Friday 20-Mar-2020 02:00:00,1.39821314541096
Friday 20-Mar-2020 03:00:00,1.56076904121013
Friday 20-Mar-2020 04:00:00,0.838649708360608
Friday 20-Mar-2020 05:00:00,0.545129953925361
Friday 20-Mar-2020 06:00:00,0.509411425078001
Friday 20-Mar-2020 07:00:00,0.835663409114778
Friday 20-Mar-2020 08:00:00,0.677249338624016
Friday 20-Mar-2020 09:00:00,1.23713378419636
Friday 20-Mar-2020 10:00:00,2.1632537222126
Friday 20-Mar-2020 11:00:00,2.22099827405006
Friday 20-Mar-2020 12:00:00,2.5028983199483
Friday 20-Mar-2020 13:00:00,2.57270933712562
Friday 20-Mar-2020 14:00:00,5.40952863011187
Friday 20-Mar-2020 15:00:00,6.92404024636869
Friday 20-Mar-2020 16:00:00,5.7768359275068
Friday 20-Mar-2020 17:00:00,5.22449359587447
Friday 20-Mar-2020 18:00:00,4.30106575939809
Friday 20-Mar-2020 19:00:00,3.58728923670738
Friday 20-Mar-2020 20:00:00,3.14949731438738
Friday 20-Mar-2020 21:00:00,2.96476530830576
Friday 20-Mar-2020 22:00:00,2.55065351103072
Friday 20-Mar-2020 23:00:00,2.39015341209165
Saturday 21-Mar-2020 00:00:00,2.63011406596748
Saturday 21-Mar-2020 01:00:00,2.79126614042206
Saturday 21-Mar-2020 02:00:00,4.01939050105859
Saturday 21-Mar-2020 03:00:00,3.30242335263061
Saturday 21-Mar-2020 04:00:00,3.05657760684506
Saturday 21-Mar-2020 05:00:00,2.76049512467118
Saturday 21-Mar-2020 06:00:00,3.38730472991925
Saturday 21-Mar-2020 07:00:00,3.47227111076694
Saturday 21-Mar-2020 08:00:00,4.01299970927817
Saturday 21-Mar-2020 09:00:00,2.89493811102529
Saturday 21-Mar-2020 10:00:00,2.860303014251
Saturday 21-Mar-2020 11:00:00,3.00696413901685
Saturday 21-Mar-2020 12:00:00,3.06156278176141
Saturday 21-Mar-2020 13:00:00,2.24012648452418
Saturday 21-Mar-2020 14:00:00,1.76927480435724
Saturday 21-Mar-2020 15:00:00,1.61358813414907
Saturday 21-Mar-2020 16:00:00,1.74437190224256
Saturday 21-Mar-2020 17:00:00,1.81929473514693
Saturday 21-Mar-2020 18:00:00,1.55574205231244
Saturday 21-Mar-2020 19:00:00,1.25001694903763
Saturday 21-Mar-2020 20:00:00,1.09316055545377
Saturday 21-Mar-2020 21:00:00,0.926192924467323
Saturday 21-Mar-2020 22:00:00,2.36068492885716
Saturday 21-Mar-2020 23:00:00,2.24380628991601
Sunday 22-Mar-2020 00:00:00,1.90709202714499
Sunday 22-Mar-2020 01:00:00,1.66603321295425
Sunday 22-Mar-2020 02:00:00,2.0174241001832
Sunday 22-Mar-2020 03:00:00,2.74466148489512
Sunday 22-Mar-2020 04:00:00,2.88129022025435
Sunday 22-Mar-2020 05:00:00,2.89217334657981
Sunday 22-Mar-2020 06:00:00,2.7557213211789
Sunday 22-Mar-2020 07:00:00,2.69084868892078
Sunday 22-Mar-2020 08:00:00,3.37853518555009
Sunday 22-Mar-2020 09:00:00,4.01721296423279
Sunday 22-Mar-2020 10:00:00,3.80979002046044
Sunday 22-Mar-2020 11:00:00,3.42279125860751
Sunday 22-Mar-2020 12:00:00,3.08245032401173
Sunday 22-Mar-2020 13:00:00,2.9729614864643
Sunday 22-Mar-2020 14:00:00,3.12193850035519
Sunday 22-Mar-2020 15:00:00,3.1953612211037
Sunday 22-Mar-2020 16:00:00,3.50687420171677
Sunday 22-Mar-2020 17:00:00,4.05238612836108
Sunday 22-Mar-2020 18:00:00,3.44958934754076
Sunday 22-Mar-2020 19:00:00,2.8125626170054
Sunday 22-Mar-2020 20:00:00,2.03482185952481
Sunday 22-Mar-2020 21:00:00,2.3042713960527
Sunday 22-Mar-2020 22:00:00,2.49375887634176
Sunday 22-Mar-2020 23:00:00,1.71682847133894
Monday 23-Mar-2020 00:00:00,2.18605428416893
Monday 23-Mar-2020 01:00:00,3.23406349144024
Monday 23-Mar-2020 02:00:00,2.74751402786834
Monday 23-Mar-2020 03:00:00,2.09212810315239
Monday 23-Mar-2020 04:00:00,2.06760731281353
Monday 23-Mar-2020 05:00:00,3.10853663320862
Monday 23-Mar-2020 06:00:00,3.9028621975844
Monday 23-Mar-2020 07:00:00,3.03408415616091
Monday 23-Mar-2020 08:00:00,3.22068833222548
Monday 23-Mar-2020 09:00:00,3.20681565835435
Monday 23-Mar-2020 10:00:00,4.34869712289401
Monday 23-Mar-2020 11:00:00,4.10152410696317
Monday 23-Mar-2020 12:00:00,4.14362964883044
Monday 23-Mar-2020 13:00:00,4.06929559833968
Monday 23-Mar-2020 14:00:00,4.80929655285815
Monday 23-Mar-2020 15:00:00,4.13523477769602
Monday 23-Mar-2020 16:00:00,3.91826917571181
Monday 23-Mar-2020 17:00:00,3.5485912697858
Monday 23-Mar-2020 18:00:00,3.84462828719067
Monday 23-Mar-2020 19:00:00,3.52802340589492
Monday 23-Mar-2020 20:00:00,2.7188845752134
Monday 23-Mar-2020 21:00:00,2.34111796655643
Monday 23-Mar-2020 22:00:00,1.78367597954337
Monday 23-Mar-2020 23:00:00,2.10150739549813
Tuesday 24-Mar-2020 00:00:00,2.22830279211182
Tuesday 24-Mar-2020 01:00:00,1.87429986928453
Tuesday 24-Mar-2020 02:00:00,0.949473538335851
Tuesday 24-Mar-2020 03:00:00,1.67187519470404
Tuesday 24-Mar-2020 04:00:00,1.90333041447529
Tuesday 24-Mar-2020 05:00:00,1.30396830227323
Tuesday 24-Mar-2020 06:00:00,1.65941756850609
Tuesday 24-Mar-2020 07:00:00,2.19138464598679
Tuesday 24-Mar-2020 08:00:00,2.08546557551705
Tuesday 24-Mar-2020 09:00:00,3.02191991952136
Tuesday 24-Mar-2020 10:00:00,2.66417592011739
Tuesday 24-Mar-2020 11:00:00,2.20518328792265
Tuesday 24-Mar-2020 12:00:00,2.36643191323985
Tuesday 24-Mar-2020 13:00:00,1.74078526341802
Tuesday 24-Mar-2020 14:00:00,1.96591793657145
Tuesday 24-Mar-2020 15:00:00,1.70743472300798
Tuesday 24-Mar-2020 16:00:00,1.61920762514674
Tuesday 24-Mar-2020 17:00:00,1.55177317930167
Tuesday 24-Mar-2020 18:00:00,1.11758668567588
Tuesday 24-Mar-2020 19:00:00,0.642690320027949
Tuesday 24-Mar-2020 20:00:00,1.30262555376951
Tuesday 24-Mar-2020 21:00:00,1.36638208419168
Tuesday 24-Mar-2020 22:00:00,1.10408333018844
Tuesday 24-Mar-2020 23:00:00,1.20152680647028
Wednesday 25-Mar-2020 00:00:00,1.89626826512847
Wednesday 25-Mar-2020 01:00:00,2.7326421890422
Wednesday 25-Mar-2020 02:00:00,2.27336021489483
Wednesday 25-Mar-2020 03:00:00,3.3205672206216
Wednesday 25-Mar-2020 04:00:00,2.99212856230031
Wednesday 25-Mar-2020 05:00:00,2.99766575855281
Wednesday 25-Mar-2020 06:00:00,2.79275849295996
Wednesday 25-Mar-2020 07:00:00,3.47613290885144
Wednesday 25-Mar-2020 08:00:00,3.31214935251014
Wednesday 25-Mar-2020 09:00:00,3.54692354959431
Wednesday 25-Mar-2020 10:00:00,4.16879279088483
Wednesday 25-Mar-2020 11:00:00,3.7899868073649
Wednesday 25-Mar-2020 12:00:00,4.28619878213785
Wednesday 25-Mar-2020 13:00:00,4.77999302649422
Wednesday 25-Mar-2020 14:00:00,4.98973947215684
Wednesday 25-Mar-2020 15:00:00,4.43568859742581
Wednesday 25-Mar-2020 16:00:00,3.20070304776935
Wednesday 25-Mar-2020 17:00:00,3.28826195225786
Wednesday 25-Mar-2020 18:00:00,4.21586290099666
Wednesday 25-Mar-2020 19:00:00,3.12420837430887
Wednesday 25-Mar-2020 20:00:00,2.35694010672029
Wednesday 25-Mar-2020 21:00:00,1.53612065498341
Wednesday 25-Mar-2020 22:00:00,1.31681433771052
Wednesday 25-Mar-2020 23:00:00,1.69744906649164
Thursday 26-Mar-2020 00:00:00,1.77280380565175
Thursday 26-Mar-2020 01:00:00,1.53106716595539
Thursday 26-Mar-2020 02:00:00,1.49694132594879
Thursday 26-Mar-2020 03:00:00,1.35609734163887
Thursday 26-Mar-2020 04:00:00,1.16182327973463
Thursday 26-Mar-2020 05:00:00,0.985985124972312
Thursday 26-Mar-2020 06:00:00,1.16318528188763
Thursday 26-Mar-2020 07:00:00,1.02078401241399
Thursday 26-Mar-2020 08:00:00,1.18180652674906
Thursday 26-Mar-2020 09:00:00,0.784325612655016
Thursday 26-Mar-2020 10:00:00,1.32243462346285
Thursday 26-Mar-2020 11:00:00,1.95495097977758
Thursday 26-Mar-2020 12:00:00,2.38432380351327
Thursday 26-Mar-2020 13:00:00,3.20832251080426
Thursday 26-Mar-2020 14:00:00,4.03019850627733
Thursday 26-Mar-2020 15:00:00,3.11022507224156
Thursday 26-Mar-2020 16:00:00,3.73675438493532
Thursday 26-Mar-2020 17:00:00,4.42581442599363
Thursday 26-Mar-2020 18:00:00,4.2356227405188
Thursday 26-Mar-2020 19:00:00,4.05314274380942
Thursday 26-Mar-2020 20:00:00,3.18995820244299
Thursday 26-Mar-2020 21:00:00,2.62373779177722
Thursday 26-Mar-2020 22:00:00,4.32906841402782
Thursday 26-Mar-2020 23:00:00,3.82193232104739
Friday 27-Mar-2020 00:00:00,3.24568944910014
Friday 27-Mar-2020 01:00:00,3.49055869453588
Friday 27-Mar-2020 02:00:00,2.88152158879066
Friday 27-Mar-2020 03:00:00,2.22908800484264
Friday 27-Mar-2020 04:00:00,2.3607908279501
Friday 27-Mar-2020 05:00:00,1.81130707869575
Friday 27-Mar-2020 06:00:00,1.37810256028594
Friday 27-Mar-2020 07:00:00,1.26121634411653
Friday 27-Mar-2020 08:00:00,1.68121979526771
Friday 27-Mar-2020 09:00:00,1.87976062305816
Friday 27-Mar-2020 10:00:00,2.01096991523991
Friday 27-Mar-2020 11:00:00,2.47204368893432
Friday 27-Mar-2020 12:00:00,2.52764712727074
Friday 27-Mar-2020 13:00:00,2.92161485027259
Friday 27-Mar-2020 14:00:00,2.39179151822785
Friday 27-Mar-2020 15:00:00,2.42857983191823
Friday 27-Mar-2020 16:00:00,2.15437539285365
Friday 27-Mar-2020 17:00:00,2.1304929007157
Friday 27-Mar-2020 18:00:00,1.31459753029841
Friday 27-Mar-2020 19:00:00,0.608833282682291
Friday 27-Mar-2020 20:00:00,0.743303437365925
Friday 27-Mar-2020 21:00:00,1.51921032118664
Friday 27-Mar-2020 22:00:00,1.18841631313834
Friday 27-Mar-2020 23:00:00,0.661437827766148
Saturday 28-Mar-2020 00:00:00,0.783049594001981
Saturday 28-Mar-2020 01:00:00,1.79851790835306
Saturday 28-Mar-2020 02:00:00,2.30108669980077
Saturday 28-Mar-2020 03:00:00,3.09631501412028
Saturday 28-Mar-2020 04:00:00,2.79013141864919
Saturday 28-Mar-2020 05:00:00,2.62342015951188
Saturday 28-Mar-2020 06:00:00,2.27174675818704
Saturday 28-Mar-2020 07:00:00,1.85184592591644
Saturday 28-Mar-2020 08:00:00,1.49471290442903
Saturday 28-Mar-2020 09:00:00,1.75859792637961
Saturday 28-Mar-2020 10:00:00,1.77247472948606
Saturday 28-Mar-2020 11:00:00,1.75352026886869
Saturday 28-Mar-2020 12:00:00,1.89490545058762
Saturday 28-Mar-2020 13:00:00,1.55611696218504
Saturday 28-Mar-2020 14:00:00,2.39433358856558
Saturday 28-Mar-2020 15:00:00,2.89321044285871
Saturday 28-Mar-2020 16:00:00,3.11009110263135
Saturday 28-Mar-2020 17:00:00,2.90089066782371
Saturday 28-Mar-2020 18:00:00,2.6269437248128
Saturday 28-Mar-2020 19:00:00,2.79642629082191
Saturday 28-Mar-2020 20:00:00,2.82161301386282
Saturday 28-Mar-2020 21:00:00,2.07010466724109
Saturday 28-Mar-2020 22:00:00,2.90574144295967
Saturday 28-Mar-2020 23:00:00,3.1069277429641
Sunday 29-Mar-2020 00:00:00,2.84575707560103
Sunday 29-Mar-2020 01:00:00,2.67307563180194
Sunday 29-Mar-2020 02:00:00,2.45855648704682
Sunday 29-Mar-2020 03:00:00,3.00543951306072
Sunday 29-Mar-2020 04:00:00,3.322749865197
Sunday 29-Mar-2020 05:00:00,3.45236633822851
Sunday 29-Mar-2020 06:00:00,3.12169825575759
Sunday 29-Mar-2020 07:00:00,2.91513293007369
Sunday 29-Mar-2020 08:00:00,2.93703365092514
Sunday 29-Mar-2020 09:00:00,2.47477271683684
Sunday 29-Mar-2020 10:00:00,2.24499443206436
Sunday 29-Mar-2020 11:00:00,3.47131099154196
Sunday 29-Mar-2020 12:00:00,2.21585198061603
Sunday 29-Mar-2020 13:00:00,2.24651582085089
Sunday 29-Mar-2020 14:00:00,3.93577607764127
Sunday 29-Mar-2020 15:00:00,3.08685384601647
Sunday 29-Mar-2020 16:00:00,2.30304146727757
Sunday 29-Mar-2020 17:00:00,2.33477336516131
Sunday 29-Mar-2020 18:00:00,2.55659278467782
Sunday 29-Mar-2020 19:00:00,1.63851938124389
Sunday 29-Mar-2020 20:00:00,1.75907172489735
Sunday 29-Mar-2020 21:00:00,1.88458660365255
Sunday 29-Mar-2020 22:00:00,1.98204439909907
Sunday 29-Mar-2020 23:00:00,2.01783712590156
Monday 30-Mar-2020 00:00:00,1.97766697567277
Monday 30-Mar-2020 01:00:00,1.67958328165054
Monday 30-Mar-2020 02:00:00,1.06246568572041
Monday 30-Mar-2020 03:00:00,0.668206554891524
Monday 30-Mar-2020 04:00:00,1.53568659997193
Monday 30-Mar-2020 05:00:00,1.86529711663674
Monday 30-Mar-2020 06:00:00,1.64813025375221
Monday 30-Mar-2020 07:00:00,1.11788490761199
Monday 30-Mar-2020 08:00:00,0.944369278054582
Monday 30-Mar-2020 09:00:00,1.08004629530405
Monday 30-Mar-2020 10:00:00,1.6111590031196
Monday 30-Mar-2020 11:00:00,2.64568831623581
Monday 30-Mar-2020 12:00:00,2.31120459212651
Monday 30-Mar-2020 13:00:00,2.23927071461521
Monday 30-Mar-2020 14:00:00,1.23982525650459
Monday 30-Mar-2020 15:00:00,1.83184788305871
Monday 30-Mar-2020 16:00:00,1.54099534933324
Monday 30-Mar-2020 17:00:00,1.45287072147983
Monday 30-Mar-2020 18:00:00,2.32583318404395
Monday 30-Mar-2020 19:00:00,2.06147059570326
Monday 30-Mar-2020 20:00:00,2.10732848254213
Monday 30-Mar-2020 21:00:00,1.94987179065702
Monday 30-Mar-2020 22:00:00,1.44551029052027
Monday 30-Mar-2020 23:00:00,1.15260574352204
Tuesday 31-Mar-2020 00:00:00,0.953677094199079
Tuesday 31-Mar-2020 01:00:00,1.49899966644426
Tuesday 31-Mar-2020 02:00:00,1.2381437719425
Tuesday 31-Mar-2020 03:00:00,0.930591209930547
Tuesday 31-Mar-2020 04:00:00,1.20498962651137
Tuesday 31-Mar-2020 05:00:00,2.20007575627144
Tuesday 31-Mar-2020 06:00:00,2.91221565135551
Tuesday 31-Mar-2020 07:00:00,2.8825914267085
Tuesday 31-Mar-2020 08:00:00,2.61766435332467
Tuesday 31-Mar-2020 09:00:00,2.55013071560394
Tuesday 31-Mar-2020 10:00:00,2.40003472197105
Tuesday 31-Mar-2020 11:00:00,2.19878754468609
Tuesday 31-Mar-2020 12:00:00,2.70576544930758
Tuesday 31-Mar-2020 13:00:00,2.11155550878178
Tuesday 31-Mar-2020 14:00:00,2.20015150993441
Tuesday 31-Mar-2020 15:00:00,2.1600925906081
Tuesday 31-Mar-2020 16:00:00,1.72148191974241
Tuesday 31-Mar-2020 17:00:00,1.74293813238833
Tuesday 31-Mar-2020 18:00:00,1.88578012150586
Tuesday 31-Mar-2020 19:00:00,2.13668521987062
Tuesday 31-Mar-2020 20:00:00,2.41419413745733
Tuesday 31-Mar-2020 21:00:00,1.4255408330408
Tuesday 31-Mar-2020 22:00:00,1.30441557795052
Tuesday 31-Mar-2020 23:00:00,1.69327099622791
Wednesday 01-Apr-2020 00:00:00,1.86699401891561
Wednesday 01-Apr-2020 01:00:00,1.96303336701137
Wednesday 01-Apr-2020 02:00:00,2.4213632523849
Wednesday 01-Apr-2020 03:00:00,2.12053452380919
Wednesday 01-Apr-2020 04:00:00,2.36970462294354
Wednesday 01-Apr-2020 05:00:00,2.59043110955172
Wednesday 01-Apr-2020 06:00:00,2.2604940462946
Wednesday 01-Apr-2020 07:00:00,2.63214108031212
Wednesday 01-Apr-2020 08:00:00,3.53993879419781
Wednesday 01-Apr-2020 09:00:00,3.4322004603461
Wednesday 01-Apr-2020 10:00:00,3.45769672855597
Wednesday 01-Apr-2020 11:00:00,3.08717778345638
Wednesday 01-Apr-2020 12:00:00,2.7216110425016
Wednesday 01-Apr-2020 13:00:00,2.79123628523276
Wednesday 01-Apr-2020 14:00:00,2.60012820196749
Wednesday 01-Apr-2020 15:00:00,2.90551200307278
Wednesday 01-Apr-2020 16:00:00,2.31307875640527
Wednesday 01-Apr-2020 17:00:00,2.70804357424322
Wednesday 01-Apr-2020 18:00:00,1.7626684316683
Wednesday 01-Apr-2020 19:00:00,1.62710098860478
Wednesday 01-Apr-2020 20:00:00,1.59106882315002
Wednesday 01-Apr-2020 21:00:00,2.51051123611639
Wednesday 01-Apr-2020 22:00:00,3.42123272130578
Wednesday 01-Apr-2020 23:00:00,2.87749891398763
Thursday 02-Apr-2020 00:00:00,2.60070503261455
Thursday 02-Apr-2020 01:00:00,2.63166613890643
Thursday 02-Apr-2020 02:00:00,2.69786952983275
Thursday 02-Apr-2020 03:00:00,2.59473826554176
Thursday 02-Apr-2020 04:00:00,2.59839694170592
Thursday 02-Apr-2020 05:00:00,2.69536639438871
Thursday 02-Apr-2020 06:00:00,3.19710806823917
Thursday 02-Apr-2020 07:00:00,3.2640210375139
Thursday 02-Apr-2020 08:00:00,3.27439561853278
Thursday 02-Apr-2020 09:00:00,3.97261458823615
Thursday 02-Apr-2020 10:00:00,3.7489998666311
Thursday 02-Apr-2020 11:00:00,3.94051604065593
Thursday 02-Apr-2020 12:00:00,4.47371955610392
Thursday 02-Apr-2020 13:00:00,5.13776864666624
Thursday 02-Apr-2020 14:00:00,4.52270199475196
Thursday 02-Apr-2020 15:00:00,4.00070827062742
Thursday 02-Apr-2020 16:00:00,4.80263816389839
Thursday 02-Apr-2020 17:00:00,4.25098027910426
Thursday 02-Apr-2020 18:00:00,4.37847005242699
Thursday 02-Apr-2020 19:00:00,4.99406427332505
Thursday 02-Apr-2020 20:00:00,4.3477772098702
Thursday 02-Apr-2020 21:00:00,4.4035780905986
Thursday 02-Apr-2020 22:00:00,4.07351199826391
Thursday 02-Apr-2020 23:00:00,3.89726399755863
Friday 03-Apr-2020 00:00:00,4.32854864051836
Friday 03-Apr-2020 01:00:00,3.38144446452499
Friday 03-Apr-2020 02:00:00,3.34706338950032
Friday 03-Apr-2020 03:00:00,4.16501300518178
Friday 03-Apr-2020 04:00:00,4.40053027107719
Friday 03-Apr-2020 05:00:00,3.1249266658062
Friday 03-Apr-2020 06:00:00,3.53930313291567
Friday 03-Apr-2020 07:00:00,3.61404667005468
Friday 03-Apr-2020 08:00:00,3.52840851754253
Friday 03-Apr-2020 09:00:00,3.32473056552457
Friday 03-Apr-2020 10:00:00,4.4165786154745
Friday 03-Apr-2020 11:00:00,4.16823303891069
Friday 03-Apr-2020 12:00:00,3.89632305299924
Friday 03-Apr-2020 13:00:00,3.15095223702296
Friday 03-Apr-2020 14:00:00,3.75641673229511
Friday 03-Apr-2020 15:00:00,3.43872553911087
Friday 03-Apr-2020 16:00:00,2.97054989297717
Friday 03-Apr-2020 17:00:00,2.8754130138121
Friday 03-Apr-2020 18:00:00,2.59367821185795
Friday 03-Apr-2020 19:00:00,2.59517152693946
Friday 03-Apr-2020 20:00:00,1.92769292160344
Friday 03-Apr-2020 21:00:00,1.79276323032351
Friday 03-Apr-2020 22:00:00,1.55386614610139
Friday 03-Apr-2020 23:00:00,1.6804265331556
Saturday 04-Apr-2020 00:00:00,2.15657908116845
Saturday 04-Apr-2020 01:00:00,2.14149480503689
Saturday 04-Apr-2020 02:00:00,1.98002525236422
Saturday 04-Apr-2020 03:00:00,2.30698215568883
Saturday 04-Apr-2020 04:00:00,2.23174072568179
Saturday 04-Apr-2020 05:00:00,3.27482823977075
Saturday 04-Apr-2020 06:00:00,2.53173195000313
Saturday 04-Apr-2020 07:00:00,2.20435175656397
Saturday 04-Apr-2020 08:00:00,2.54401257858526
Saturday 04-Apr-2020 09:00:00,2.83413714088315
Saturday 04-Apr-2020 10:00:00,2.15607668385581
Saturday 04-Apr-2020 11:00:00,1.61992798193829
Saturday 04-Apr-2020 12:00:00,1.34337882470533
Saturday 04-Apr-2020 13:00:00,1.1111555546667
Saturday 04-Apr-2020 14:00:00,0.99958324649159
Saturday 04-Apr-2020 15:00:00,0.881003216036506
Saturday 04-Apr-2020 16:00:00,1.69936262561389
Saturday 04-Apr-2020 17:00:00,1.63712145751825
Saturday 04-Apr-2020 18:00:00,2.4682990094395
Saturday 04-Apr-2020 19:00:00,1.83773995320155
Saturday 04-Apr-2020 20:00:00,1.56843871413581
Saturday 04-Apr-2020 21:00:00,1.84720509599413
Saturday 04-Apr-2020 22:00:00,1.87167482930841
Saturday 04-Apr-2020 23:00:00,1.69577907366103
Sunday 05-Apr-2020 00:00:00,1.4380542409798
Sunday 05-Apr-2020 01:00:00,2.19563961827376
Sunday 05-Apr-2020 02:00:00,2.22069808843976
Sunday 05-Apr-2020 03:00:00,1.32872118971589
Sunday 05-Apr-2020 04:00:00,1.18567842745549
Sunday 05-Apr-2020 05:00:00,1.45137865493468
Sunday 05-Apr-2020 06:00:00,1.12049096381899
Sunday 05-Apr-2020 07:00:00,1.42530698447738
Sunday 05-Apr-2020 08:00:00,1.35055544129073
Sunday 05-Apr-2020 09:00:00,1.36277902341747
Sunday 05-Apr-2020 10:00:00,1.55670592384475
Sunday 05-Apr-2020 11:00:00,1.57997890281273
Sunday 05-Apr-2020 12:00:00,2.53817519752545
Sunday 05-Apr-2020 13:00:00,3.54833294191324
Sunday 05-Apr-2020 14:00:00,2.69799308128592
Sunday 05-Apr-2020 15:00:00,2.63950752982446
Sunday 05-Apr-2020 16:00:00,2.48669794439668
Sunday 05-Apr-2020 17:00:00,2.82370914460632
Sunday 05-Apr-2020 18:00:00,2.44390398065609
Sunday 05-Apr-2020 19:00:00,1.79386903136626
Sunday 05-Apr-2020 20:00:00,1.61451747177498
Sunday 05-Apr-2020 21:00:00,2.83877908028551
Sunday 05-Apr-2020 22:00:00,2.58927274216783
Sunday 05-Apr-2020 23:00:00,2.17232594239446
Monday 06-Apr-2020 00:00:00,2.26671568574447
Monday 06-Apr-2020 01:00:00,2.25011110836776
Monday 06-Apr-2020 02:00:00,1.17239071985409
Monday 06-Apr-2020 03:00:00,1.03633971264253
Monday 06-Apr-2020 04:00:00,0.956730543744336
Monday 06-Apr-2020 05:00:00,1.21374077408097
Monday 06-Apr-2020 06:00:00,2.15336945274145
Monday 06-Apr-2020 07:00:00,3.03671972145384
Monday 06-Apr-2020 08:00:00,2.65625049019603
Monday 06-Apr-2020 09:00:00,2.37599102130739
Monday 06-Apr-2020 10:00:00,1.81746159977774
Monday 06-Apr-2020 11:00:00,2.47978493691153
Monday 06-Apr-2020 12:00:00,2.1879213879845
Monday 06-Apr-2020 13:00:00,2.31127670346932
Monday 06-Apr-2020 14:00:00,2.38397427279183
Monday 06-Apr-2020 15:00:00,2.35669259768855
Monday 06-Apr-2020 16:00:00,2.8079945394059
Monday 06-Apr-2020 17:00:00,2.61562612007144
Monday 06-Apr-2020 18:00:00,2.56391627528409
Monday 06-Apr-2020 19:00:00,1.78970691663681
Monday 06-Apr-2020 20:00:00,1.28218563398597
Monday 06-Apr-2020 21:00:00,1.16726175299288
Monday 06-Apr-2020 22:00:00,0.936838655621482
Monday 06-Apr-2020 23:00:00,1.59702849066634
Tuesday 07-Apr-2020 00:00:00,1.27527774752535
Tuesday 07-Apr-2020 01:00:00,0.980221063502174
Tuesday 07-Apr-2020 02:00:00,0.692459385090562
Tuesday 07-Apr-2020 03:00:00,1.06700515462672
Tuesday 07-Apr-2020 04:00:00,0.979030132324843
Tuesday 07-Apr-2020 05:00:00,0.402285139339416
Tuesday 07-Apr-2020 06:00:00,0.411703777004778
Tuesday 07-Apr-2020 07:00:00,0.549545266561363
Tuesday 07-Apr-2020 08:00:00,0.866794862313647
Tuesday 07-Apr-2020 09:00:00,0.647688196588451
Tuesday 07-Apr-2020 10:00:00,0.959426912276282
Tuesday 07-Apr-2020 11:00:00,1.30102523675241
Tuesday 07-Apr-2020 12:00:00,2.07018517690246
Tuesday 07-Apr-2020 13:00:00,3.41528427318527
Tuesday 07-Apr-2020 14:00:00,3.69145409470758
Tuesday 07-Apr-2020 15:00:00,2.62195855548227
Tuesday 07-Apr-2020 16:00:00,3.25655748708151
Tuesday 07-Apr-2020 17:00:00,3.32267462545863
Tuesday 07-Apr-2020 18:00:00,3.47186309253884
Tuesday 07-Apr-2020 19:00:00,2.43362741044749
Tuesday 07-Apr-2020 20:00:00,2.50715642378638
Tuesday 07-Apr-2020 21:00:00,2.30820998467066
Tuesday 07-Apr-2020 22:00:00,2.73349593012318
Tuesday 07-Apr-2020 23:00:00,2.93041521517572
Wednesday 08-Apr-2020 00:00:00,2.40565306448512
Wednesday 08-Apr-2020 01:00:00,1.9131126469709
Wednesday 08-Apr-2020 02:00:00,2.61036395929763
Wednesday 08-Apr-2020 03:00:00,2.74854506966868
Wednesday 08-Apr-2020 04:00:00,2.06397674405503
Wednesday 08-Apr-2020 05:00:00,1.30868891134091
Wednesday 08-Apr-2020 06:00:00,1.6
Wednesday 08-Apr-2020 07:00:00,1.67983134074029
Wednesday 08-Apr-2020 08:00:00,1.65881483796916
Wednesday 08-Apr-2020 09:00:00,2.49178650770888
Wednesday 08-Apr-2020 10:00:00,3.00873727666608
Wednesday 08-Apr-2020 11:00:00,2.8556376987753
Wednesday 08-Apr-2020 12:00:00,3.04800481189471
Wednesday 08-Apr-2020 13:00:00,3.10467389591886
Wednesday 08-Apr-2020 14:00:00,2.81143498353895
Wednesday 08-Apr-2020 15:00:00,2.63046257022094
Wednesday 08-Apr-2020 16:00:00,3.28273260155824
Wednesday 08-Apr-2020 17:00:00,2.15371771595072
Wednesday 08-Apr-2020 18:00:00,1.62521793410402
Wednesday 08-Apr-2020 19:00:00,2.65390661836151
Wednesday 08-Apr-2020 20:00:00,2.4129166306913
Wednesday 08-Apr-2020 21:00:00,1.87989361401118
Wednesday 08-Apr-2020 22:00:00,2.34581187083136
Wednesday 08-Apr-2020 23:00:00,1.79225184242245
Thursday 09-Apr-2020 00:00:00,1.43166569654604
Thursday 09-Apr-2020 01:00:00,1.04817301370846
Thursday 09-Apr-2020 02:00:00,0.537897140105181
Thursday 09-Apr-2020 03:00:00,0.866987120242663
Thursday 09-Apr-2020 04:00:00,1.41415463558033
Thursday 09-Apr-2020 05:00:00,0.785493475466219
Thursday 09-Apr-2020 06:00:00,1.3949313005784
Thursday 09-Apr-2020 07:00:00,1.94893133109746
Thursday 09-Apr-2020 08:00:00,2.25580732037705
Thursday 09-Apr-2020 09:00:00,2.68188366638078
Thursday 09-Apr-2020 10:00:00,3.2000260415607
Thursday 09-Apr-2020 11:00:00,5.02409195775714
Thursday 09-Apr-2020 12:00:00,4.1022554771735
Thursday 09-Apr-2020 13:00:00,5.17830409819019
Thursday 09-Apr-2020 14:00:00,4.90119033160993
Thursday 09-Apr-2020 15:00:00,4.61957790279588
Thursday 09-Apr-2020 16:00:00,5.70813746622603
Thursday 09-Apr-2020 17:00:00,4.80995495474403
Thursday 09-Apr-2020 18:00:00,4.59205836199846
Thursday 09-Apr-2020 19:00:00,3.18569365567322
Thursday 09-Apr-2020 20:00:00,2.1601311688568
Thursday 09-Apr-2020 21:00:00,1.63681601491025
Thursday 09-Apr-2020 22:00:00,1.96845963467208
Thursday 09-Apr-2020 23:00:00,4.12053799076447
Friday 10-Apr-2020 00:00:00,3.0259984578097
Friday 10-Apr-2020 01:00:00,3.43758636255149
Friday 10-Apr-2020 02:00:00,3.20938727277757
Friday 10-Apr-2020 03:00:00,3.86529429668686
Friday 10-Apr-2020 04:00:00,3.69091226302297
Friday 10-Apr-2020 05:00:00,4.08856127914617
Friday 10-Apr-2020 06:00:00,3.76539063931841
Friday 10-Apr-2020 07:00:00,3.68352186546155
Friday 10-Apr-2020 08:00:00,4.96579970061889
Friday 10-Apr-2020 09:00:00,5.51386132094984
Friday 10-Apr-2020 10:00:00,6.68503303407445
Friday 10-Apr-2020 11:00:00,6.0923038882402
Friday 10-Apr-2020 12:00:00,5.6068410595153
Friday 10-Apr-2020 13:00:00,5.77768696509829
Friday 10-Apr-2020 14:00:00,6.18545336522177
Friday 10-Apr-2020 15:00:00,5.72933969435688
Friday 10-Apr-2020 16:00:00,5.01213527351368
Friday 10-Apr-2020 17:00:00,4.94821516643459
Friday 10-Apr-2020 18:00:00,4.2278639208628
Friday 10-Apr-2020 19:00:00,3.86770636713452
Friday 10-Apr-2020 20:00:00,5.33607221340441
Friday 10-Apr-2020 21:00:00,4.92073842697076
Friday 10-Apr-2020 22:00:00,4.98507773259355
Friday 10-Apr-2020 23:00:00,5.50572429385998
Saturday 11-Apr-2020 00:00:00,3.33896191452773
Saturday 11-Apr-2020 01:00:00,3.98421886948998
Saturday 11-Apr-2020 02:00:00,2.93334280301502
Saturday 11-Apr-2020 03:00:00,2.81717944050428
Saturday 11-Apr-2020 04:00:00,2.29978259842099
Saturday 11-Apr-2020 05:00:00,1.81346813224459
Saturday 11-Apr-2020 06:00:00,2.02023100989301
Saturday 11-Apr-2020 07:00:00,2.09904740299022
Saturday 11-Apr-2020 08:00:00,3.70074316860816
Saturday 11-Apr-2020 09:00:00,3.88220298284363
Saturday 11-Apr-2020 10:00:00,4.48584811750613
Saturday 11-Apr-2020 11:00:00,3.79989034929518
Saturday 11-Apr-2020 12:00:00,3.8383373136468
Saturday 11-Apr-2020 13:00:00,4.2340288142619
Saturday 11-Apr-2020 14:00:00,3.84770494364281
Saturday 11-Apr-2020 15:00:00,3.94750976355136
Saturday 11-Apr-2020 16:00:00,4.44323455754176
Saturday 11-Apr-2020 17:00:00,3.74205825716276
Saturday 11-Apr-2020 18:00:00,3.3957571566098
Saturday 11-Apr-2020 19:00:00,2.4954874528073
Saturday 11-Apr-2020 20:00:00,1.56609918800396
Saturday 11-Apr-2020 21:00:00,1.63712145751825
Saturday 11-Apr-2020 22:00:00,0.733371211142988
Saturday 11-Apr-2020 23:00:00,1.32909743811355
Sunday 12-Apr-2020 00:00:00,1.52976032981205
Sunday 12-Apr-2020 01:00:00,1.16847478934435
Sunday 12-Apr-2020 02:00:00,0.960121520086563
Sunday 12-Apr-2020 03:00:00,0.507280330126581
Sunday 12-Apr-2020 04:00:00,1.07680081723595
Sunday 12-Apr-2020 05:00:00,1.49938876435255
Sunday 12-Apr-2020 06:00:00,1.15361749871148
Sunday 12-Apr-2020 07:00:00,1.03198837202751
Sunday 12-Apr-2020 08:00:00,1.35781687523269
Sunday 12-Apr-2020 09:00:00,1.63849524462742
Sunday 12-Apr-2020 10:00:00,3.28598032049291
Sunday 12-Apr-2020 11:00:00,2.75257455242663
Sunday 12-Apr-2020 12:00:00,3.13674459697736
Sunday 12-Apr-2020 13:00:00,3.86585479982543
Sunday 12-Apr-2020 14:00:00,5.13165015695082
Sunday 12-Apr-2020 15:00:00,5.39933637897597
Sunday 12-Apr-2020 16:00:00,6.54566013986876
Sunday 12-Apr-2020 17:00:00,5.33122875142307
Sunday 12-Apr-2020 18:00:00,3.8597495600967
Sunday 12-Apr-2020 19:00:00,3.19185934867044
Sunday 12-Apr-2020 20:00:00,3.19695167307859
Sunday 12-Apr-2020 21:00:00,3.59279371334713
Sunday 12-Apr-2020 22:00:00,4.72593906012339
Sunday 12-Apr-2020 23:00:00,4.80797947860291
Monday 13-Apr-2020 00:00:00,5.9851065153429
Monday 13-Apr-2020 01:00:00,5.23650646901157
Monday 13-Apr-2020 02:00:00,5.25590144504252
Monday 13-Apr-2020 03:00:00,6.49456182766269
Monday 13-Apr-2020 04:00:00,3.93639005519863
Monday 13-Apr-2020 05:00:00,4.01860257635246
Monday 13-Apr-2020 06:00:00,3.42371630444658
Monday 13-Apr-2020 07:00:00,5.18750100401597
Monday 13-Apr-2020 08:00:00,6.60690295574762
Monday 13-Apr-2020 09:00:00,7.63065091151032
Monday 13-Apr-2020 10:00:00,8.07015076273878
Monday 13-Apr-2020 11:00:00,9.83540373684104
Monday 13-Apr-2020 12:00:00,6.09155152649963
Monday 13-Apr-2020 13:00:00,8.7528281143868
Monday 13-Apr-2020 14:00:00,8.42760345531278
Monday 13-Apr-2020 15:00:00,6.30670278354704
Monday 13-Apr-2020 16:00:00,5.62641093415687
Monday 13-Apr-2020 17:00:00,3.68417788206089
Monday 13-Apr-2020 18:00:00,3.33866240681304
Monday 13-Apr-2020 19:00:00,3.52689425002331
Monday 13-Apr-2020 20:00:00,2.41474636349245
Monday 13-Apr-2020 21:00:00,3.45938337472639
Monday 13-Apr-2020 22:00:00,4.07052412677614
Monday 13-Apr-2020 23:00:00,3.43693177121688
Tuesday 14-Apr-2020 00:00:00,3.46222471829891
Tuesday 14-Apr-2020 01:00:00,3.91397070334803
Tuesday 14-Apr-2020 02:00:00,3.27047397176617
Tuesday 14-Apr-2020 03:00:00,2.58621344826756
Tuesday 14-Apr-2020 04:00:00,2.42748154816194
Tuesday 14-Apr-2020 05:00:00,2.18055803255344
Tuesday 14-Apr-2020 06:00:00,2.67288857480691
Tuesday 14-Apr-2020 07:00:00,2.63372359977276
Tuesday 14-Apr-2020 08:00:00,2.81797799849467
Tuesday 14-Apr-2020 09:00:00,3.49869023111983
Tuesday 14-Apr-2020 10:00:00,2.88657813567091
Tuesday 14-Apr-2020 11:00:00,2.13525954706526
Tuesday 14-Apr-2020 12:00:00,1.80776104615627
Tuesday 14-Apr-2020 13:00:00,1.91637678967368
Tuesday 14-Apr-2020 14:00:00,2.31631891874442
Tuesday 14-Apr-2020 15:00:00,2.72188660062587
Tuesday 14-Apr-2020 16:00:00,2.45207395212026
Tuesday 14-Apr-2020 17:00:00,2.21893367784318
Tuesday 14-Apr-2020 18:00:00,1.81245689603919
Tuesday 14-Apr-2020 19:00:00,1.18864685921942
Tuesday 14-Apr-2020 20:00:00,1.28853922460022
Tuesday 14-Apr-2020 21:00:00,1.46287388383278
Tuesday 14-Apr-2020 22:00:00,2.54411084664171
Tuesday 14-Apr-2020 23:00:00,1.63488021987341
Wednesday 15-Apr-2020 00:00:00,2.55346170260426
Wednesday 15-Apr-2020 01:00:00,3.00358119583939
Wednesday 15-Apr-2020 02:00:00,2.87538403232218
Wednesday 15-Apr-2020 03:00:00,3.27475189899937
Wednesday 15-Apr-2020 04:00:00,1.64529632589391
Wednesday 15-Apr-2020 05:00:00,2.04234342525117
Wednesday 15-Apr-2020 06:00:00,2.14716867836072
Wednesday 15-Apr-2020 07:00:00,1.67560934190123
Wednesday 15-Apr-2020 08:00:00,2.37486841740758
Wednesday 15-Apr-2020 09:00:00,2.52157358277194
Wednesday 15-Apr-2020 10:00:00,2.49866631092135
Wednesday 15-Apr-2020 11:00:00,2.34385721976973
Wednesday 15-Apr-2020 12:00:00,2.84818655756021
Wednesday 15-Apr-2020 13:00:00,3.20925744267008
Wednesday 15-Apr-2020 14:00:00,2.97956932010875
Wednesday 15-Apr-2020 15:00:00,2.47746510234419
Wednesday 15-Apr-2020 16:00:00,2.56326614563009
Wednesday 15-Apr-2020 17:00:00,1.8975861860093
Wednesday 15-Apr-2020 18:00:00,2.36759371514624
Wednesday 15-Apr-2020 19:00:00,1.97127679522431
Wednesday 15-Apr-2020 20:00:00,1.91058455278308
Wednesday 15-Apr-2020 21:00:00,1.93308906502865
Wednesday 15-Apr-2020 22:00:00,2.79547253012199
Wednesday 15-Apr-2020 23:00:00,2.92910680356089
Thursday 16-Apr-2020 00:00:00,2.49936658642412
Thursday 16-Apr-2020 01:00:00,3.10877789492913
Thursday 16-Apr-2020 02:00:00,3.40766293325303
Thursday 16-Apr-2020 03:00:00,1.99265317269882
Thursday 16-Apr-2020 04:00:00,2.06474372905372
Thursday 16-Apr-2020 05:00:00,2.08953742887431
Thursday 16-Apr-2020 06:00:00,2.33784088423485
Thursday 16-Apr-2020 07:00:00,2.90152258880287
Thursday 16-Apr-2020 08:00:00,2.80811324557967
Thursday 16-Apr-2020 09:00:00,3.68535389526343
Thursday 16-Apr-2020 10:00:00,3.81700144092192
Thursday 16-Apr-2020 11:00:00,3.19238677690115
Thursday 16-Apr-2020 12:00:00,3.5260459441136
Thursday 16-Apr-2020 13:00:00,3.68214158699345
Thursday 16-Apr-2020 14:00:00,3.54238620141847
Thursday 16-Apr-2020 15:00:00,3.01175474875805
Thursday 16-Apr-2020 16:00:00,3.83877150487844
Thursday 16-Apr-2020 17:00:00,3.77855792598182
Thursday 16-Apr-2020 18:00:00,4.52242560285223
Thursday 16-Apr-2020 19:00:00,3.57550517943068
Thursday 16-Apr-2020 20:00:00,1.77454219448285
Thursday 16-Apr-2020 21:00:00,2.18475780503622
Thursday 16-Apr-2020 22:00:00,2.1978398485786
Thursday 16-Apr-2020 23:00:00,1.49164338901763
Friday 17-Apr-2020 00:00:00,0.833866496109139
Friday 17-Apr-2020 01:00:00,1.11407659820439
Friday 17-Apr-2020 02:00:00,1.01988561450129
Friday 17-Apr-2020 03:00:00,1.40558410159857
Friday 17-Apr-2020 04:00:00,1.5533297567913
Friday 17-Apr-2020 05:00:00,1.31415372007996
Friday 17-Apr-2020 06:00:00,1.83048263216745
Friday 17-Apr-2020 07:00:00,1.77209856761223
Friday 17-Apr-2020 08:00:00,2.30709051982506
Friday 17-Apr-2020 09:00:00,2.75711201561828
Friday 17-Apr-2020 10:00:00,2.74584534645829
Friday 17-Apr-2020 11:00:00,3.32698562265203
Friday 17-Apr-2020 12:00:00,3.347536407569
Friday 17-Apr-2020 13:00:00,3.84039928479666
Friday 17-Apr-2020 14:00:00,3.27090711169445
Friday 17-Apr-2020 15:00:00,3.31473980879344
Friday 17-Apr-2020 16:00:00,3.56319145336499
Friday 17-Apr-2020 17:00:00,4.48595957776409
Friday 17-Apr-2020 18:00:00,3.51672195849108
Friday 17-Apr-2020 19:00:00,2.51571333011574
Friday 17-Apr-2020 20:00:00,2.19370310966031
Friday 17-Apr-2020 21:00:00,2.09630627533288
Friday 17-Apr-2020 22:00:00,1.02045741377744
Friday 17-Apr-2020 23:00:00,1.03778610512957
Saturday 18-Apr-2020 00:00:00,1.63202328414763
Saturday 18-Apr-2020 01:00:00,1.85054046159494
Saturday 18-Apr-2020 02:00:00,1.62880324164707
Saturday 18-Apr-2020 03:00:00,1.37665052452199
Saturday 18-Apr-2020 04:00:00,1.13232798546475
Saturday 18-Apr-2020 05:00:00,1.12011904129278
Saturday 18-Apr-2020 06:00:00,0.927092228421747
Saturday 18-Apr-2020 07:00:00,0.982004752194883
Saturday 18-Apr-2020 08:00:00,1.30224165704117
Saturday 18-Apr-2020 09:00:00,1.48368909591374
Saturday 18-Apr-2020 10:00:00,2.06167407705486
Saturday 18-Apr-2020 11:00:00,2.82376816801002
Saturday 18-Apr-2020 12:00:00,2.85922483667631
Saturday 18-Apr-2020 13:00:00,3.22428286600292
Saturday 18-Apr-2020 14:00:00,2.95989864691344
Saturday 18-Apr-2020 15:00:00,3.40932544647765
Saturday 18-Apr-2020 16:00:00,3.20322753900916
Saturday 18-Apr-2020 17:00:00,3.37305499510459
Saturday 18-Apr-2020 18:00:00,2.91681904363869
Saturday 18-Apr-2020 19:00:00,2.16430988727021
Saturday 18-Apr-2020 20:00:00,1.15859109841796
Saturday 18-Apr-2020 21:00:00,1.07579428021036
Saturday 18-Apr-2020 22:00:00,1.09171119502061
Saturday 18-Apr-2020 23:00:00,1.16275534829989
Sunday 19-Apr-2020 00:00:00,1.19638343909189
Sunday 19-Apr-2020 01:00:00,1.58292977313167
Sunday 19-Apr-2020 02:00:00,2.08222637257976
Sunday 19-Apr-2020 03:00:00,1.58561239483887
Sunday 19-Apr-2020 04:00:00,1.48357675905226
Sunday 19-Apr-2020 05:00:00,1.75783958312469
Sunday 19-Apr-2020 06:00:00,1.97044834153719
Sunday 19-Apr-2020 07:00:00,2.76393439381859
Sunday 19-Apr-2020 08:00:00,3.71081751999026
Sunday 19-Apr-2020 09:00:00,3.20564606072889
Sunday 19-Apr-2020 10:00:00,4.09538357991857
Sunday 19-Apr-2020 11:00:00,4.48625679158026
Sunday 19-Apr-2020 12:00:00,4.49501575822229
Sunday 19-Apr-2020 13:00:00,5.97079000914731
Sunday 19-Apr-2020 14:00:00,6.43249562767049
Sunday 19-Apr-2020 15:00:00,6.33262715361221
Sunday 19-Apr-2020 16:00:00,6.52317662901545
Sunday 19-Apr-2020 17:00:00,5.43525528379303
Sunday 19-Apr-2020 18:00:00,4.88284411656431
Sunday 19-Apr-2020 19:00:00,3.3232361193699
Sunday 19-Apr-2020 20:00:00,1.95823049375365
Sunday 19-Apr-2020 21:00:00,1.46623099589844
Sunday 19-Apr-2020 22:00:00,2.48840645125885
Sunday 19-Apr-2020 23:00:00,2.54063640321344
Monday 20-Apr-2020 00:00:00,1.78386284973556
Monday 20-Apr-2020 01:00:00,1.86373281346871
Monday 20-Apr-2020 02:00:00,1.56359628207966
Monday 20-Apr-2020 03:00:00,1.36473440639562
Monday 20-Apr-2020 04:00:00,1.74604314570593
Monday 20-Apr-2020 05:00:00,1.986370223968
Monday 20-Apr-2020 06:00:00,1.86019712217102
Monday 20-Apr-2020 07:00:00,2.08786174510351
Monday 20-Apr-2020 08:00:00,2.4951285872008
Monday 20-Apr-2020 09:00:00,2.80347998031019
Monday 20-Apr-2020 10:00:00,2.45804800604057
Monday 20-Apr-2020 11:00:00,2.17125155920113
Monday 20-Apr-2020 12:00:00,2.52613011013553
Monday 20-Apr-2020 13:00:00,2.03035300707373
Monday 20-Apr-2020 14:00:00,1.97374432656985
Monday 20-Apr-2020 15:00:00,1.66533279957291
Monday 20-Apr-2020 16:00:00,1.49236948061352
Monday 20-Apr-2020 17:00:00,1.58371925121426
Monday 20-Apr-2020 18:00:00,1.62100791690438
Monday 20-Apr-2020 19:00:00,1.4016334296764
Monday 20-Apr-2020 20:00:00,1.33535263757057
Monday 20-Apr-2020 21:00:00,1.75565752165203
Monday 20-Apr-2020 22:00:00,2.28141038249004
Monday 20-Apr-2020 23:00:00,2.59926271597672
Tuesday 21-Apr-2020 00:00:00,2.78265460786398
Tuesday 21-Apr-2020 01:00:00,2.72448771943155
Tuesday 21-Apr-2020 02:00:00,2.4452334585202
Tuesday 21-Apr-2020 03:00:00,2.0809052517274
Tuesday 21-Apr-2020 04:00:00,2.46502197420902
Tuesday 21-Apr-2020 05:00:00,3.1093139650626
Tuesday 21-Apr-2020 06:00:00,3.67271470894941
Tuesday 21-Apr-2020 07:00:00,4.03761480744924
Tuesday 21-Apr-2020 08:00:00,4.86406894139738
Tuesday 21-Apr-2020 09:00:00,5.66818607081078
Tuesday 21-Apr-2020 10:00:00,4.94580630433502
Tuesday 21-Apr-2020 11:00:00,4.93924758102554
Tuesday 21-Apr-2020 12:00:00,3.52015624653225
Tuesday 21-Apr-2020 13:00:00,6.10924163324167
Tuesday 21-Apr-2020 14:00:00,4.59575891447756
Tuesday 21-Apr-2020 15:00:00,3.68546695367991
Tuesday 21-Apr-2020 16:00:00,4.06517732290569
Tuesday 21-Apr-2020 17:00:00,4.7068212911334
Tuesday 21-Apr-2020 18:00:00,5.0468802244555
Tuesday 21-Apr-2020 19:00:00,4.30728590465119
Tuesday 21-Apr-2020 20:00:00,3.9779810624654
Tuesday 21-Apr-2020 21:00:00,3.72576614045129
Tuesday 21-Apr-2020 22:00:00,4.64689860731506
Tuesday 21-Apr-2020 23:00:00,4.9724071970559
Wednesday 22-Apr-2020 00:00:00,3.73452361977624
Wednesday 22-Apr-2020 01:00:00,3.19463091243209
Wednesday 22-Apr-2020 02:00:00,3.08539570665849
Wednesday 22-Apr-2020 03:00:00,3.49923801229163
Wednesday 22-Apr-2020 04:00:00,3.01283366063689
Wednesday 22-Apr-2020 05:00:00,2.32170914055429
Wednesday 22-Apr-2020 06:00:00,2.1317051078108
Wednesday 22-Apr-2020 07:00:00,3.33554093564048
Wednesday 22-Apr-2020 08:00:00,4.2580903387943
Wednesday 22-Apr-2020 09:00:00,4.30987238790199
Wednesday 22-Apr-2020 10:00:00,4.38628544442789
Wednesday 22-Apr-2020 11:00:00,4.23947716902293
Wednesday 22-Apr-2020 12:00:00,4.40677508691636
Wednesday 22-Apr-2020 13:00:00,4.1522082478283
Wednesday 22-Apr-2020 14:00:00,4.88857511619354
Wednesday 22-Apr-2020 15:00:00,4.49284616547981
Wednesday 22-Apr-2020 16:00:00,4.70253477747197
Wednesday 22-Apr-2020 17:00:00,4.54142048262435
Wednesday 22-Apr-2020 18:00:00,4.12074022476545
Wednesday 22-Apr-2020 19:00:00,3.06809718538756
Wednesday 22-Apr-2020 20:00:00,1.6890332540638
Wednesday 22-Apr-2020 21:00:00,1.42026992739643
Wednesday 22-Apr-2020 22:00:00,1.0084641788383
Wednesday 22-Apr-2020 23:00:00,1.29769025580067
Thursday 23-Apr-2020 00:00:00,0.999749968742185
Thursday 23-Apr-2020 01:00:00,1.02461374836244
Thursday 23-Apr-2020 02:00:00,1.33691186445978
Thursday 23-Apr-2020 03:00:00,1.34598167397133
Thursday 23-Apr-2020 04:00:00,1.51310938137334
Thursday 23-Apr-2020 05:00:00,1.08895974826131
Thursday 23-Apr-2020 06:00:00,0.489727815560167
Thursday 23-Apr-2020 07:00:00,0.899351618296945
Thursday 23-Apr-2020 08:00:00,1.13915173118714
Thursday 23-Apr-2020 09:00:00,1.04411046669721
Thursday 23-Apr-2020 10:00:00,1.36942810447768
Thursday 23-Apr-2020 11:00:00,1.28569047597001
Thursday 23-Apr-2020 12:00:00,1.4742229591664
Thursday 23-Apr-2020 13:00:00,1.47569192810243
Thursday 23-Apr-2020 14:00:00,1.52637915778922
Thursday 23-Apr-2020 15:00:00,1.34443296597488
Thursday 23-Apr-2020 16:00:00,2.46008129946959
Thursday 23-Apr-2020 17:00:00,2.54361946839538
Thursday 23-Apr-2020 18:00:00,2.7378519560658
Thursday 23-Apr-2020 19:00:00,2.31567978817364
Thursday 23-Apr-2020 20:00:00,1.65770926280817
Thursday 23-Apr-2020 21:00:00,2.40683055766984
Thursday 23-Apr-2020 22:00:00,1.89089925696744
Thursday 23-Apr-2020 23:00:00,2.04678609857829
Friday 24-Apr-2020 00:00:00,2.74223145145214
Friday 24-Apr-2020 01:00:00,2.62963875846094
Friday 24-Apr-2020 02:00:00,1.76578594399208
Friday 24-Apr-2020 03:00:00,2.35287058717644
Friday 24-Apr-2020 04:00:00,2.67837015116781
Friday 24-Apr-2020 05:00:00,3.53626450745227
Friday 24-Apr-2020 06:00:00,3.30958204813438
Friday 24-Apr-2020 07:00:00,2.99340942739212
Friday 24-Apr-2020 08:00:00,2.75919674301538
Friday 24-Apr-2020 09:00:00,2.96302210589121
Friday 24-Apr-2020 10:00:00,3.27582050790333
Friday 24-Apr-2020 11:00:00,2.93816836368057
Friday 24-Apr-2020 12:00:00,2.56690475086241
Friday 24-Apr-2020 13:00:00,2.46048775652308
Friday 24-Apr-2020 14:00:00,2.4265201420965
Friday 24-Apr-2020 15:00:00,2.45879374219691
Friday 24-Apr-2020 16:00:00,2.06764761665683
Friday 24-Apr-2020 17:00:00,2.52916323448422
Friday 24-Apr-2020 18:00:00,1.74394189505652
Friday 24-Apr-2020 19:00:00,1.40320456486125
Friday 24-Apr-2020 20:00:00,1.31997474723319
Friday 24-Apr-2020 21:00:00,0.821279489577087
Friday 24-Apr-2020 22:00:00,0.872735164105736
Friday 24-Apr-2020 23:00:00,1.02907725657504
Saturday 25-Apr-2020 00:00:00,0.577927331071995
Saturday 25-Apr-2020 01:00:00,0.510555253294554
Saturday 25-Apr-2020 02:00:00,1.30409611097751
Saturday 25-Apr-2020 03:00:00,0.47486840282335
Saturday 25-Apr-2020 04:00:00,0.565979976088672
Saturday 25-Apr-2020 05:00:00,0.685565460040104
Saturday 25-Apr-2020 06:00:00,0.528992753573556
Saturday 25-Apr-2020 07:00:00,0.511696524644572
Saturday 25-Apr-2020 08:00:00,0.524086506854228
Saturday 25-Apr-2020 09:00:00,0.724798822662767
Saturday 25-Apr-2020 10:00:00,0.837953857122614
Saturday 25-Apr-2020 11:00:00,1.25452514256723
Saturday 25-Apr-2020 12:00:00,2.09312366253565
Saturday 25-Apr-2020 13:00:00,1.72288517706008
Saturday 25-Apr-2020 14:00:00,1.56018161336002
Saturday 25-Apr-2020 15:00:00,1.84743064822472
Saturday 25-Apr-2020 16:00:00,2.35711688297377
Saturday 25-Apr-2020 17:00:00,3.95409070878923
Saturday 25-Apr-2020 18:00:00,3.09951609126328
Saturday 25-Apr-2020 19:00:00,2.84190792918527
Saturday 25-Apr-2020 20:00:00,2.87158492822344
Saturday 25-Apr-2020 21:00:00,1.92561678430575
Saturday 25-Apr-2020 22:00:00,1.27938787446706
Saturday 25-Apr-2020 23:00:00,0.997997995989972
Sunday 26-Apr-2020 00:00:00,1.01620207964099
Sunday 26-Apr-2020 01:00:00,1.5088627063675
Sunday 26-Apr-2020 02:00:00,2.05073157677937
Sunday 26-Apr-2020 03:00:00,1.89217687686256
Sunday 26-Apr-2020 04:00:00,2.50745554962263
Sunday 26-Apr-2020 05:00:00,2.99524623361753
Sunday 26-Apr-2020 06:00:00,3.14846523457594
Sunday 26-Apr-2020 07:00:00,3.62530458490502
Sunday 26-Apr-2020 08:00:00,3.78987686695316
Sunday 26-Apr-2020 09:00:00,4.49021157630684
Sunday 26-Apr-2020 10:00:00,4.62875073138891
Sunday 26-Apr-2020 11:00:00,4.01073559337935
Sunday 26-Apr-2020 12:00:00,4.49301309442413
Sunday 26-Apr-2020 13:00:00,4.02291353788934
Sunday 26-Apr-2020 14:00:00,3.7878973938937
Sunday 26-Apr-2020 15:00:00,3.48262353214738
Sunday 26-Apr-2020 16:00:00,3.65043376418018
Sunday 26-Apr-2020 17:00:00,3.44758369489898
Sunday 26-Apr-2020 18:00:00,3.64229780953361
Sunday 26-Apr-2020 19:00:00,2.6931174047806
Sunday 26-Apr-2020 20:00:00,2.49074955251092
Sunday 26-Apr-2020 21:00:00,2.49278960203223
Sunday 26-Apr-2020 22:00:00,2.41298570240273
Sunday 26-Apr-2020 23:00:00,3.25788786383653
Monday 27-Apr-2020 00:00:00,2.61189586316147
Monday 27-Apr-2020 01:00:00,2.55261304026547
Monday 27-Apr-2020 02:00:00,2.24992592470656
Monday 27-Apr-2020 03:00:00,2.17397485419373
Monday 27-Apr-2020 04:00:00,1.77167529003859
Monday 27-Apr-2020 05:00:00,1.59582789381144
Monday 27-Apr-2020 06:00:00,1.61074516916861
Monday 27-Apr-2020 07:00:00,1.64898958961743
Monday 27-Apr-2020 08:00:00,2.00199900099875
Monday 27-Apr-2020 09:00:00,2.48817201977677
Monday 27-Apr-2020 10:00:00,2.43389262978738
Monday 27-Apr-2020 11:00:00,2.44161831578975
Monday 27-Apr-2020 12:00:00,3.11964207348642
Monday 27-Apr-2020 13:00:00,2.59923065540556
Monday 27-Apr-2020 14:00:00,2.40852652051
Monday 27-Apr-2020 15:00:00,1.9356308187944
Monday 27-Apr-2020 16:00:00,2.22096075306761
Monday 27-Apr-2020 17:00:00,2.11017376851607
Monday 27-Apr-2020 18:00:00,1.81305451287783
Monday 27-Apr-2020 19:00:00,2.17995490545803
Monday 27-Apr-2020 20:00:00,2.20442736328508
Monday 27-Apr-2020 21:00:00,2.04873944984064
Monday 27-Apr-2020 22:00:00,2.17799602081057
Monday 27-Apr-2020 23:00:00,1.83548358750494
Tuesday 28-Apr-2020 00:00:00,1.13431330181157
Tuesday 28-Apr-2020 01:00:00,1.10747460467498
Tuesday 28-Apr-2020 02:00:00,1.36118820643338
Tuesday 28-Apr-2020 03:00:00,1.04992063192097
Tuesday 28-Apr-2020 04:00:00,1.17565584533343
Tuesday 28-Apr-2020 05:00:00,1.23268000713892
Tuesday 28-Apr-2020 06:00:00,1.8297085378096
Tuesday 28-Apr-2020 07:00:00,1.22698818250218
Tuesday 28-Apr-2020 08:00:00,2.10673523095175
Tuesday 28-Apr-2020 09:00:00,1.52763433670059
Tuesday 28-Apr-2020 10:00:00,1.78871462229166
Tuesday 28-Apr-2020 11:00:00,2.28917743596545
Tuesday 28-Apr-2020 12:00:00,2.58060070526225
Tuesday 28-Apr-2020 13:00:00,2.18071089326394
Tuesday 28-Apr-2020 14:00:00,2.8480402618877
Tuesday 28-Apr-2020 15:00:00,2.29746236820831
Tuesday 28-Apr-2020 16:00:00,2.88868482185232
Tuesday 28-Apr-2020 17:00:00,2.56216054662206
Tuesday 28-Apr-2020 18:00:00,2.51163957074524
Tuesday 28-Apr-2020 19:00:00,3.29732814280835
Tuesday 28-Apr-2020 20:00:00,3.6129858381492
Tuesday 28-Apr-2020 21:00:00,3.02814574726295
Tuesday 28-Apr-2020 22:00:00,2.37167310844756
Tuesday 28-Apr-2020 23:00:00,1.89111959783969
Wednesday 29-Apr-2020 00:00:00,1.07765176812054
Wednesday 29-Apr-2020 01:00:00,0.421109645262767
Wednesday 29-Apr-2020 02:00:00,0.442342250600897
Wednesday 29-Apr-2020 03:00:00,0.57850381733111
Wednesday 29-Apr-2020 04:00:00,0.940655799606494
Wednesday 29-Apr-2020 05:00:00,1.27220281401984
Wednesday 29-Apr-2020 06:00:00,1.06113147159058
Wednesday 29-Apr-2020 07:00:00,1.23166553901617
Wednesday 29-Apr-2020 08:00:00,2.19590528028875
Wednesday 29-Apr-2020 09:00:00,3.12177833934442
Wednesday 29-Apr-2020 10:00:00,3.21688254888694
Wednesday 29-Apr-2020 11:00:00,3.62537354397217
Wednesday 29-Apr-2020 12:00:00,4.16056887136042
Wednesday 29-Apr-2020 13:00:00,5.22669430264803
Wednesday 29-Apr-2020 14:00:00,5.30529609604089
Wednesday 29-Apr-2020 15:00:00,4.97128420698985
Wednesday 29-Apr-2020 16:00:00,4.57950142846722
Wednesday 29-Apr-2020 17:00:00,4.74088599314516
Wednesday 29-Apr-2020 18:00:00,3.78285606387555
Wednesday 29-Apr-2020 19:00:00,3.92035107386735
Wednesday 29-Apr-2020 20:00:00,4.37397607065547
Wednesday 29-Apr-2020 21:00:00,3.2708561570329
Wednesday 29-Apr-2020 22:00:00,2.75417864344345
Wednesday 29-Apr-2020 23:00:00,2.92013127558791
Thursday 30-Apr-2020 00:00:00,2.88048028402672
Thursday 30-Apr-2020 01:00:00,2.60400332821088
Thursday 30-Apr-2020 02:00:00,2.45608088900454
Thursday 30-Apr-2020 03:00:00,2.21882100825341
Thursday 30-Apr-2020 04:00:00,2.2956480566498
Thursday 30-Apr-2020 05:00:00,2.40925299626253
Thursday 30-Apr-2020 06:00:00,2.50948201826592
Thursday 30-Apr-2020 07:00:00,3.48977076611058
Thursday 30-Apr-2020 08:00:00,3.33731428946491
Thursday 30-Apr-2020 09:00:00,3.52377638337055
Thursday 30-Apr-2020 10:00:00,4.08591075118714
Thursday 30-Apr-2020 11:00:00,6.05324981587026
Thursday 30-Apr-2020 12:00:00,6.68225261420129
Thursday 30-Apr-2020 13:00:00,5.78313640394783
Thursday 30-Apr-2020 14:00:00,6.78337428325068
Thursday 30-Apr-2020 15:00:00,6.9451301883646
Thursday 30-Apr-2020 16:00:00,6.93035593121546
Thursday 30-Apr-2020 17:00:00,7.04438310523593
Thursday 30-Apr-2020 18:00:00,6.66358261998254
Thursday 30-Apr-2020 19:00:00,6.28066713502769
Thursday 30-Apr-2020 20:00:00,5.22013729065944
Thursday 30-Apr-2020 21:00:00,4.39370762189141
Thursday 30-Apr-2020 22:00:00,3.82922968754814
Thursday 30-Apr-2020 23:00:00,3.02924633091027
